time,Open,High,Low,Close,Volume,Ticker
2020-01-06,38.52,38.65,37.78,37.78,880110,VCB
2020-01-07,37.57,37.95,36.88,37.91,1013270,VCB
2020-01-08,37.52,37.95,37.22,37.57,722280,VCB
2020-01-09,37.87,38.39,37.87,38.3,722670,VCB
2020-01-10,38.3,39.03,37.95,38.65,1526920,VCB
2020-01-13,38.43,38.78,38.43,38.6,1044640,VCB
2020-01-14,38.65,38.86,38.47,38.6,1001130,VCB
2020-01-15,38.69,38.69,38.34,38.56,1471860,VCB
2020-01-16,38.56,38.99,38.39,38.65,1171580,VCB
2020-01-17,38.65,40.8,38.65,40.8,2219790,VCB
2020-01-20,40.8,40.93,40.37,40.59,832190,VCB
2020-01-21,40.54,40.85,40.42,40.59,749590,VCB
2020-01-22,40.59,41.02,40.2,40.33,877710,VCB
2020-01-30,39.77,39.9,37.57,38.39,3541560,VCB
2020-01-31,38.0,38.78,37.87,38.3,1270160,VCB
2020-02-03,36.31,38.95,35.84,38.3,1457070,VCB
2020-02-04,38.43,38.78,37.87,38.78,1118410,VCB
2020-02-05,38.95,39.03,38.34,38.39,731310,VCB
2020-02-06,38.43,39.25,38.34,38.6,889570,VCB
2020-02-07,38.78,39.21,38.43,38.86,1170540,VCB
2020-02-10,38.52,38.65,38.21,38.39,607060,VCB
2020-02-11,38.43,38.65,38.39,38.52,520210,VCB
2020-02-12,38.78,38.78,38.47,38.6,609750,VCB
2020-02-13,38.52,38.65,38.34,38.56,633270,VCB
2020-02-14,38.43,38.78,38.43,38.56,432800,VCB
2020-02-17,38.56,38.82,38.47,38.6,343900,VCB
2020-02-18,38.69,38.69,38.43,38.6,432880,VCB
2020-02-19,38.43,38.65,38.43,38.65,208280,VCB
2020-02-20,38.73,39.03,38.52,38.65,541120,VCB
2020-02-21,38.65,38.65,38.43,38.43,898350,VCB
2020-02-24,37.13,38.0,37.13,37.65,995910,VCB
2020-02-25,37.13,37.57,37.05,37.22,1229530,VCB
2020-02-26,37.13,37.13,36.27,36.7,1163030,VCB
2020-02-27,36.27,36.53,35.8,36.27,1227980,VCB
2020-02-28,34.59,36.01,34.59,35.58,1710080,VCB
2020-03-02,35.19,35.49,35.1,35.32,668980,VCB
2020-03-03,36.06,36.06,35.49,35.49,848270,VCB
2020-03-04,35.41,35.41,34.98,35.28,581530,VCB
2020-03-05,35.49,36.1,35.49,35.88,833710,VCB
2020-03-06,35.84,37.0,35.41,36.49,884750,VCB
2020-03-09,34.11,34.93,33.94,33.94,1209500,VCB
2020-03-10,33.68,34.5,32.56,34.5,1433230,VCB
2020-03-11,34.72,34.72,32.12,33.25,1806190,VCB
2020-03-12,31.09,31.52,30.96,30.96,1582400,VCB
2020-03-13,28.8,31.52,28.8,30.66,1859750,VCB
2020-03-16,30.66,30.66,28.71,28.97,1022550,VCB
2020-03-17,27.46,29.15,27.46,29.15,1364590,VCB
2020-03-18,29.36,30.53,29.36,29.92,1099800,VCB
2020-03-19,29.06,29.66,28.5,28.5,1191150,VCB
2020-03-20,28.5,28.63,26.56,26.56,2763360,VCB
2020-03-23,24.87,25.26,24.7,24.7,1875070,VCB
2020-03-24,24.7,25.22,24.44,25.04,1498070,VCB
2020-03-25,25.91,26.77,25.78,26.77,1835730,VCB
2020-03-26,26.77,27.94,26.56,27.29,1484590,VCB
2020-03-27,27.59,28.46,26.99,27.68,1569620,VCB
2020-03-30,25.95,26.51,25.82,26.34,1637330,VCB
2020-03-31,26.6,27.68,25.91,26.77,957500,VCB
2020-04-01,26.6,28.46,26.56,28.07,1229320,VCB
2020-04-03,28.07,28.63,27.64,28.28,1726690,VCB
2020-04-06,29.15,29.49,28.5,29.36,2111200,VCB
2020-04-07,29.36,29.79,28.84,29.45,1773570,VCB
2020-04-08,28.93,29.45,28.84,29.15,1778380,VCB
2020-04-09,29.36,31.09,29.36,30.66,1795170,VCB
2020-04-10,30.66,31.05,30.05,30.48,1599380,VCB
2020-04-13,30.48,31.0,30.22,30.57,1046830,VCB
2020-04-14,30.44,30.57,29.28,30.18,1944570,VCB
2020-04-15,30.1,30.79,30.1,30.61,1017740,VCB
2020-04-16,30.22,30.74,30.14,30.74,1057050,VCB
2020-04-17,30.87,31.0,30.61,30.83,1473140,VCB
2020-04-20,30.96,31.26,30.57,31.05,1026030,VCB
2020-04-21,30.66,30.87,29.28,30.87,2159110,VCB
2020-04-22,29.79,30.7,29.79,29.92,1612290,VCB
2020-04-23,30.66,30.66,29.71,29.88,1201610,VCB
2020-04-24,29.88,30.05,29.15,29.75,972170,VCB
2020-04-27,30.18,30.18,28.84,28.84,2547060,VCB
2020-04-28,28.84,29.58,28.15,28.93,2052860,VCB
2020-04-29,28.93,29.4,28.93,29.36,1523750,VCB
2020-05-04,29.36,29.4,28.84,29.1,852260,VCB
2020-05-05,29.06,29.23,28.84,28.84,1007640,VCB
2020-05-06,29.06,29.23,28.71,29.19,855770,VCB
2020-05-07,29.28,30.1,29.23,30.1,1936540,VCB
2020-05-08,30.22,32.04,30.14,31.74,3865590,VCB
2020-05-11,31.74,32.17,31.3,32.17,1696160,VCB
2020-05-12,32.21,32.82,32.12,32.64,2199500,VCB
2020-05-13,32.64,33.03,31.09,32.64,1851970,VCB
2020-05-14,32.38,32.99,32.34,32.82,2121750,VCB
2020-05-15,32.99,33.03,32.64,32.82,1596240,VCB
2020-05-18,32.95,34.11,32.73,33.9,1002690,VCB
2020-05-19,34.5,34.59,34.02,34.11,1129270,VCB
2020-05-20,33.85,34.41,33.85,34.37,710200,VCB
2020-05-21,34.54,35.06,34.37,35.06,1425500,VCB
2020-05-22,35.06,35.1,34.54,34.98,805710,VCB
2020-05-25,34.93,35.1,34.89,35.02,708710,VCB
2020-05-26,34.98,35.67,34.98,35.62,740930,VCB
2020-05-27,35.84,36.44,35.8,35.8,817770,VCB
2020-05-28,35.84,36.74,35.84,36.49,1849310,VCB
2020-05-29,36.7,37.13,36.49,36.79,1161180,VCB
2020-06-01,36.92,37.44,36.92,37.35,725310,VCB
2020-06-02,37.52,37.52,37.26,37.39,1009040,VCB
2020-06-03,37.57,37.95,37.52,37.95,462750,VCB
2020-06-04,38.0,38.43,38.0,38.43,450240,VCB
2020-06-05,38.47,38.56,37.57,38.43,810570,VCB
2020-06-08,38.43,38.95,38.17,38.6,802240,VCB
2020-06-09,38.82,38.86,38.6,38.65,417690,VCB
2020-06-10,38.65,38.78,38.56,38.69,793590,VCB
2020-06-11,38.65,38.69,37.57,38.0,1163900,VCB
2020-06-12,35.62,37.35,35.62,36.96,1612920,VCB
2020-06-15,36.96,37.05,35.32,35.41,1218540,VCB
2020-06-16,36.27,36.27,35.58,36.14,802980,VCB
2020-06-17,36.7,36.79,36.18,36.36,737830,VCB
2020-06-18,36.27,37.35,36.23,36.7,1809780,VCB
2020-06-19,36.7,37.13,36.7,36.88,723970,VCB
2020-06-22,36.92,36.96,36.7,36.92,1308600,VCB
2020-06-23,36.92,37.57,36.83,37.13,917230,VCB
2020-06-24,37.13,37.13,36.31,36.57,710160,VCB
2020-06-25,35.71,36.44,35.71,36.14,506650,VCB
2020-06-26,36.31,36.57,35.84,35.97,355930,VCB
2020-06-29,35.97,35.97,35.02,35.19,594140,VCB
2020-06-30,35.62,35.62,34.54,34.67,709990,VCB
2020-07-01,34.67,35.71,34.54,35.71,404440,VCB
2020-07-02,35.92,35.92,34.98,35.67,469040,VCB
2020-07-03,35.62,35.97,35.49,35.84,370340,VCB
2020-07-06,35.84,36.01,35.58,35.8,1218830,VCB
2020-07-07,36.27,36.36,35.97,36.01,1336830,VCB
2020-07-08,35.92,36.01,35.75,35.84,485190,VCB
2020-07-09,36.23,36.23,35.97,36.1,962170,VCB
2020-07-10,36.01,36.1,35.45,35.71,918560,VCB
2020-07-13,36.01,36.06,35.58,35.8,371630,VCB
2020-07-14,35.8,35.84,35.49,35.84,427110,VCB
2020-07-15,35.92,36.18,35.92,36.06,1198530,VCB
2020-07-16,36.18,36.23,35.8,36.06,1091190,VCB
2020-07-17,36.1,36.1,35.75,35.75,628000,VCB
2020-07-20,35.62,35.71,35.28,35.49,696830,VCB
2020-07-21,35.62,35.75,35.28,35.62,681740,VCB
2020-07-22,35.62,35.62,35.49,35.62,625320,VCB
2020-07-23,35.62,35.75,35.45,35.62,1350870,VCB
2020-07-24,35.45,35.54,33.9,34.98,1341540,VCB
2020-07-27,32.82,34.54,32.82,33.25,1274570,VCB
2020-07-28,33.25,34.02,33.03,33.9,910690,VCB
2020-07-29,32.82,33.68,32.43,33.46,833570,VCB
2020-07-30,33.51,33.9,33.38,33.42,937680,VCB
2020-07-31,32.82,33.42,32.82,32.99,672940,VCB
2020-08-03,32.82,34.02,32.82,34.02,422820,VCB
2020-08-04,34.54,35.36,34.28,35.36,616840,VCB
2020-08-05,35.36,35.84,34.72,35.71,778840,VCB
2020-08-06,35.71,35.88,35.36,35.75,802350,VCB
2020-08-07,35.84,35.84,35.58,35.8,518660,VCB
2020-08-10,35.84,35.92,35.36,35.36,576570,VCB
2020-08-11,35.62,35.67,35.32,35.45,312920,VCB
2020-08-12,35.45,35.54,35.36,35.45,310430,VCB
2020-08-13,35.84,35.84,35.41,35.84,385320,VCB
2020-08-14,35.84,35.88,35.36,35.41,820270,VCB
2020-08-17,35.41,35.8,35.28,35.54,389480,VCB
2020-08-18,35.54,35.67,35.28,35.54,331690,VCB
2020-08-19,35.54,35.84,35.41,35.84,586790,VCB
2020-08-20,35.84,36.49,35.84,35.84,1093620,VCB
2020-08-21,35.84,35.92,35.67,35.8,1281740,VCB
2020-08-24,35.84,36.53,35.84,36.23,1530010,VCB
2020-08-25,36.23,36.66,36.23,36.23,1748400,VCB
2020-08-26,36.23,36.23,36.01,36.06,1585740,VCB
2020-08-27,36.06,36.23,35.92,36.06,1003280,VCB
2020-08-28,36.1,36.23,35.97,36.01,1645430,VCB
2020-08-31,36.27,36.49,35.75,35.84,971310,VCB
2020-09-01,35.84,35.97,35.8,35.84,1625600,VCB
2020-09-03,36.14,37.35,36.14,37.22,2503810,VCB
2020-09-04,36.7,37.18,36.62,36.66,2425360,VCB
2020-09-07,36.66,36.74,36.1,36.1,1181750,VCB
2020-09-08,36.1,36.23,35.54,35.62,1985560,VCB
2020-09-09,35.41,35.92,35.19,35.49,1472680,VCB
2020-09-10,35.84,35.97,35.45,35.45,689700,VCB
2020-09-11,35.45,35.67,35.32,35.54,665690,VCB
2020-09-14,35.75,35.88,35.71,35.84,594680,VCB
2020-09-15,35.84,36.06,35.62,35.62,998970,VCB
2020-09-16,35.67,35.88,35.41,35.8,628030,VCB
2020-09-17,35.62,35.84,35.41,35.62,1043250,VCB
2020-09-18,35.58,35.84,35.58,35.8,1188400,VCB
2020-09-21,35.88,36.1,35.84,35.84,1671360,VCB
2020-09-22,35.84,36.44,35.75,36.27,1746960,VCB
2020-09-23,36.36,36.92,36.36,36.88,1395190,VCB
2020-09-24,36.31,37.22,36.31,37.18,1628730,VCB
2020-09-25,37.18,37.22,36.92,37.13,1107270,VCB
2020-09-28,37.05,37.22,36.88,37.13,1254760,VCB
2020-09-29,37.13,37.18,36.18,36.53,1609090,VCB
2020-09-30,36.7,36.7,36.18,36.31,584450,VCB
2020-10-01,36.74,36.74,36.36,36.62,367030,VCB
2020-10-02,36.62,36.7,34.54,36.27,890840,VCB
2020-10-05,36.49,36.7,36.01,36.06,811740,VCB
2020-10-06,36.18,36.44,35.92,36.23,1105060,VCB
2020-10-07,36.1,36.79,35.88,36.7,988270,VCB
2020-10-08,36.92,36.92,36.18,36.62,549140,VCB
2020-10-09,36.49,36.7,36.49,36.62,366200,VCB
2020-10-12,37.13,37.57,36.62,37.09,1574610,VCB
2020-10-13,37.13,37.52,36.92,37.35,814530,VCB
2020-10-14,37.48,38.43,37.44,38.08,1206380,VCB
2020-10-15,38.08,38.26,37.48,38.26,1424740,VCB
2020-10-16,38.21,38.26,37.78,38.08,668850,VCB
2020-10-19,38.0,38.13,37.78,37.78,1052250,VCB
2020-10-20,37.57,37.91,37.52,37.87,1075780,VCB
2020-10-21,37.91,38.26,37.09,37.22,1452050,VCB
2020-10-22,37.18,37.39,36.74,37.39,1320610,VCB
2020-10-23,37.52,37.78,37.44,37.78,657830,VCB
2020-10-26,37.78,37.91,37.13,37.13,911390,VCB
2020-10-27,37.13,37.7,36.92,37.13,1169320,VCB
2020-10-28,37.13,37.35,36.06,36.36,866330,VCB
2020-10-29,36.44,36.62,36.06,36.1,764720,VCB
2020-10-30,36.14,36.44,35.75,35.84,1090610,VCB
2020-11-02,35.84,37.05,35.84,37.05,366300,VCB
2020-11-03,37.05,37.09,36.57,36.7,308550,VCB
2020-11-04,36.7,36.92,36.4,36.7,394660,VCB
2020-11-05,36.92,36.92,36.62,36.7,507960,VCB
2020-11-06,36.74,36.74,36.27,36.7,323160,VCB
2020-11-09,36.7,37.05,36.62,36.92,1007000,VCB
2020-11-10,37.18,37.7,36.74,36.74,1511520,VCB
2020-11-11,36.92,37.39,36.66,36.66,1032520,VCB
2020-11-12,37.0,37.35,36.96,37.31,405350,VCB
2020-11-13,37.39,37.52,37.22,37.52,417840,VCB
2020-11-16,37.65,37.91,36.7,37.05,1250340,VCB
2020-11-17,37.05,37.83,36.92,37.83,548250,VCB
2020-11-18,37.83,37.87,37.57,37.83,906810,VCB
2020-11-19,37.87,38.95,37.74,38.95,2584440,VCB
2020-11-20,39.29,39.94,38.9,39.94,1231960,VCB
2020-11-23,39.77,39.9,39.29,39.55,648830,VCB
2020-11-24,39.72,39.9,39.21,39.9,996580,VCB
2020-11-25,39.94,40.67,39.85,40.37,1088020,VCB
2020-11-26,40.37,40.59,39.98,40.59,698350,VCB
2020-11-27,40.59,40.8,40.24,40.8,1210580,VCB
2020-11-30,40.46,40.59,39.51,40.16,1448340,VCB
2020-12-01,39.16,40.24,39.16,39.72,1162270,VCB
2020-12-02,39.72,40.37,39.51,40.37,746710,VCB
2020-12-03,40.37,40.54,39.9,40.37,736760,VCB
2020-12-04,40.24,40.37,39.34,39.34,860900,VCB
2020-12-07,39.47,40.29,39.47,40.2,945460,VCB
2020-12-08,40.16,40.54,39.51,40.2,702820,VCB
2020-12-09,40.42,41.67,40.24,41.67,1198160,VCB
2020-12-10,41.67,42.19,41.62,41.97,1299820,VCB
2020-12-11,41.97,42.01,41.41,41.97,776190,VCB
2020-12-14,41.97,43.14,41.41,43.14,931080,VCB
2020-12-15,42.75,43.09,41.67,42.23,1433260,VCB
2020-12-16,42.32,43.14,42.23,43.14,740700,VCB
2020-12-17,42.58,42.58,41.02,41.45,2305960,VCB
2020-12-18,41.45,42.7,41.45,42.7,1053200,VCB
2020-12-21,43.05,43.1,42.36,43.05,697030,VCB
2020-12-22,42.66,42.7,42.44,42.62,748840,VCB
2020-12-23,42.44,42.88,42.18,42.44,666390,VCB
2020-12-24,42.62,42.62,41.79,42.36,815730,VCB
2020-12-25,42.23,42.49,42.1,42.49,314960,VCB
2020-12-28,42.66,42.75,42.36,42.66,836090,VCB
2020-12-29,42.66,43.44,42.57,43.18,696510,VCB
2020-12-30,43.18,43.36,42.44,42.62,509510,VCB
2020-12-31,42.62,43.1,42.23,42.62,367140,VCB
2021-01-04,42.66,43.44,42.36,43.1,855900,VCB
2021-01-05,43.1,43.79,43.1,43.23,739200,VCB
2021-01-06,43.31,46.23,43.23,45.71,2080400,VCB
2021-01-07,45.27,47.23,45.27,46.58,889000,VCB
2021-01-08,47.01,47.01,45.49,45.62,963900,VCB
2021-01-11,45.53,46.01,45.32,45.49,847400,VCB
2021-01-12,45.97,45.97,45.36,45.97,634900,VCB
2021-01-13,45.97,46.19,45.27,45.62,1064200,VCB
2021-01-14,45.71,45.8,44.97,45.23,832200,VCB
2021-01-15,45.66,45.66,44.62,44.92,1099800,VCB
2021-01-18,45.06,45.71,44.84,44.97,1060400,VCB
2021-01-19,44.88,44.97,41.83,43.1,1130300,VCB
2021-01-20,43.1,46.1,42.66,43.14,2093000,VCB
2021-01-21,43.14,44.84,42.66,44.84,1283700,VCB
2021-01-22,44.84,45.27,44.4,44.84,1268500,VCB
2021-01-25,44.01,44.84,44.01,44.62,725900,VCB
2021-01-26,44.62,44.62,43.1,43.92,970500,VCB
2021-01-27,43.14,43.53,40.88,42.4,1566800,VCB
2021-01-28,40.05,40.62,39.44,39.44,1205500,VCB
2021-01-29,37.22,42.18,37.22,40.48,1359000,VCB
2021-02-01,41.79,41.79,39.61,39.66,1309600,VCB
2021-02-02,40.05,42.1,40.05,42.01,1064500,VCB
2021-02-03,42.44,43.1,42.05,43.05,1454600,VCB
2021-02-04,43.05,43.1,40.88,43.05,967300,VCB
2021-02-05,43.05,43.53,42.62,43.53,897400,VCB
2021-02-08,43.05,43.44,40.53,40.96,2902200,VCB
2021-02-09,41.57,42.4,40.53,42.31,2978900,VCB
2021-02-17,42.44,43.53,42.44,43.53,1054100,VCB
2021-02-18,43.1,44.4,42.66,44.4,1688900,VCB
2021-02-19,43.18,44.27,43.14,44.1,1851200,VCB
2021-02-22,43.97,44.4,43.66,43.79,1388700,VCB
2021-02-23,43.53,43.97,43.18,43.53,1441400,VCB
2021-02-24,43.75,43.97,42.01,42.7,1265300,VCB
2021-02-25,43.1,43.31,42.49,42.75,896100,VCB
2021-02-26,42.36,43.1,42.23,42.75,1070700,VCB
2021-03-01,42.75,43.23,42.75,43.18,911200,VCB
2021-03-02,43.53,44.32,42.66,43.23,1189600,VCB
2021-03-03,42.79,43.27,42.75,42.84,915600,VCB
2021-03-04,42.92,43.31,40.53,42.36,1118100,VCB
2021-03-05,42.27,42.31,41.36,41.96,1661600,VCB
2021-03-08,42.23,42.23,41.36,41.44,1501800,VCB
2021-03-09,41.36,41.36,40.53,41.36,1344300,VCB
2021-03-10,41.36,41.7,40.92,41.57,1063900,VCB
2021-03-11,41.7,42.14,41.7,41.92,1009800,VCB
2021-03-12,41.92,42.01,41.14,41.7,1259800,VCB
2021-03-15,41.79,42.23,41.57,41.92,1438400,VCB
2021-03-16,41.79,41.79,41.4,41.66,655800,VCB
2021-03-17,41.57,41.7,41.36,41.62,1239400,VCB
2021-03-18,41.88,42.44,41.57,42.44,1609100,VCB
2021-03-19,42.27,42.27,41.01,41.01,1595700,VCB
2021-03-22,41.79,42.44,41.53,42.23,1902000,VCB
2021-03-23,42.18,42.18,41.53,41.7,940800,VCB
2021-03-24,41.36,41.75,40.96,41.22,1422500,VCB
2021-03-25,41.22,41.79,41.14,41.4,1160300,VCB
2021-03-26,41.36,41.57,40.79,41.31,1196800,VCB
2021-03-29,41.44,41.7,40.7,41.49,1195800,VCB
2021-03-30,41.49,41.49,40.96,41.27,1748700,VCB
2021-03-31,41.14,41.4,40.96,41.27,944600,VCB
2021-04-01,41.44,42.53,41.44,42.18,2697600,VCB
2021-04-02,42.44,42.88,42.18,42.57,2277500,VCB
2021-04-05,43.1,44.75,42.92,44.4,3592400,VCB
2021-04-06,44.4,44.62,43.75,44.36,2243200,VCB
2021-04-07,44.05,44.4,43.71,44.36,1182700,VCB
2021-04-08,44.36,44.36,43.31,43.53,1575400,VCB
2021-04-09,43.31,43.31,42.44,42.44,2101700,VCB
2021-04-12,42.88,43.18,42.4,43.05,2670100,VCB
2021-04-13,43.53,43.53,42.44,42.44,1670900,VCB
2021-04-14,42.36,42.97,42.18,42.97,1336800,VCB
2021-04-15,43.44,43.44,42.14,42.44,2152800,VCB
2021-04-16,42.36,42.88,41.79,41.92,1515900,VCB
2021-04-19,42.23,42.88,41.7,42.88,1387500,VCB
2021-04-20,43.14,45.71,42.88,44.84,6274200,VCB
2021-04-22,44.84,45.97,44.49,44.84,2981300,VCB
2021-04-23,44.84,45.27,43.75,45.27,2285300,VCB
2021-04-26,45.27,45.27,42.62,42.92,3595400,VCB
2021-04-27,42.92,43.36,42.53,43.1,1191800,VCB
2021-04-28,43.1,43.23,42.53,43.1,1426900,VCB
2021-04-29,43.1,43.53,42.66,43.53,1615700,VCB
2021-05-04,43.1,43.36,42.66,43.14,1496300,VCB
2021-05-05,43.14,44.4,43.14,44.05,1826700,VCB
2021-05-06,44.05,44.27,43.1,43.23,1161200,VCB
2021-05-07,43.05,43.1,42.1,42.23,2284800,VCB
2021-05-10,42.1,42.75,41.75,42.7,1674000,VCB
2021-05-11,42.75,43.23,42.44,42.62,1171500,VCB
2021-05-12,42.62,42.62,42.23,42.36,1218300,VCB
2021-05-13,42.31,42.57,42.14,42.14,1698000,VCB
2021-05-14,42.4,42.79,42.05,42.18,1403600,VCB
2021-05-17,42.27,42.36,41.7,41.79,1715100,VCB
2021-05-18,41.49,41.79,41.14,41.18,2103400,VCB
2021-05-19,41.18,41.18,40.83,40.96,1678100,VCB
2021-05-20,40.96,43.1,40.96,43.1,1904100,VCB
2021-05-21,41.92,42.66,41.79,42.14,1459200,VCB
2021-05-24,42.44,42.88,42.01,42.4,1814700,VCB
2021-05-25,42.4,43.53,42.4,43.44,3816000,VCB
2021-05-26,43.49,44.32,43.4,43.71,2356000,VCB
2021-05-27,43.53,43.71,42.66,42.97,1455000,VCB
2021-05-28,43.1,44.01,42.49,43.36,2196000,VCB
2021-05-31,43.97,43.97,42.79,42.92,2621000,VCB
2021-06-01,43.27,45.36,42.97,45.14,4533500,VCB
2021-06-02,45.27,46.8,45.14,46.14,4274100,VCB
2021-06-03,46.19,47.01,46.14,46.45,2802000,VCB
2021-06-04,46.36,46.36,45.32,45.66,2405800,VCB
2021-06-07,45.4,45.66,44.05,44.84,2969900,VCB
2021-06-08,44.84,45.27,43.53,43.53,2351600,VCB
2021-06-09,43.53,44.4,43.18,44.4,2393900,VCB
2021-06-10,44.36,44.79,43.53,44.32,2262500,VCB
2021-06-11,44.01,45.06,43.75,44.75,2048000,VCB
2021-06-14,44.45,45.01,44.1,44.4,1459700,VCB
2021-06-15,44.45,44.84,43.97,44.75,1420700,VCB
2021-06-16,44.62,46.14,44.62,45.27,2898400,VCB
2021-06-17,44.84,45.71,44.4,45.36,1557000,VCB
2021-06-18,45.49,47.45,45.4,47.23,3234900,VCB
2021-06-21,47.01,47.1,46.14,46.4,2107900,VCB
2021-06-22,46.62,47.23,46.36,46.84,1481900,VCB
2021-06-23,47.01,48.32,46.58,47.75,2248600,VCB
2021-06-24,47.84,48.23,46.93,48.19,1143400,VCB
2021-06-25,48.19,49.1,47.41,49.02,1688800,VCB
2021-06-28,49.06,49.19,48.36,49.02,1524500,VCB
2021-06-29,48.76,49.63,48.54,49.63,1853100,VCB
2021-06-30,49.63,51.02,49.63,50.67,2768000,VCB
2021-07-01,50.8,50.84,50.06,50.67,1836400,VCB
2021-07-02,50.67,50.76,49.63,50.02,1727200,VCB
2021-07-05,49.58,49.58,48.28,49.45,2049100,VCB
2021-07-06,48.97,50.06,48.76,48.76,1669600,VCB
2021-07-07,48.76,49.36,46.14,49.36,2679800,VCB
2021-07-08,48.41,49.19,47.45,48.32,1384100,VCB
2021-07-09,47.88,48.36,46.49,47.8,2936900,VCB
2021-07-12,47.67,47.67,44.88,46.62,2480600,VCB
2021-07-13,46.54,46.54,44.45,45.01,1686000,VCB
2021-07-14,45.01,45.06,43.53,44.32,2251700,VCB
2021-07-15,43.62,45.49,43.62,44.62,2319400,VCB
2021-07-16,44.62,45.01,43.97,44.62,1467300,VCB
2021-07-19,43.53,43.62,41.75,42.23,2542200,VCB
2021-07-20,42.57,43.97,40.7,43.62,2386000,VCB
2021-07-21,43.31,43.75,42.79,43.1,1463700,VCB
2021-07-22,43.05,43.84,42.66,43.66,1455800,VCB
2021-07-23,43.23,43.44,42.23,42.23,1700300,VCB
2021-07-26,42.01,42.44,41.66,41.79,1264200,VCB
2021-07-27,42.44,42.49,41.36,41.36,2654200,VCB
2021-07-28,41.4,42.23,41.4,42.23,1490800,VCB
2021-07-29,42.4,42.62,42.23,42.62,1191800,VCB
2021-07-30,42.36,43.01,42.31,42.66,1354600,VCB
2021-08-02,42.23,42.97,41.96,42.23,1285000,VCB
2021-08-03,42.27,43.01,42.23,43.01,1265700,VCB
2021-08-04,43.18,43.23,42.7,42.88,1160300,VCB
2021-08-05,42.66,43.31,42.62,43.27,1127700,VCB
2021-08-06,43.44,43.44,42.7,42.7,1114400,VCB
2021-08-09,42.7,43.05,42.53,42.79,1228900,VCB
2021-08-10,43.1,43.18,42.88,43.1,1556400,VCB
2021-08-11,43.23,44.27,43.14,43.75,1711800,VCB
2021-08-12,43.75,43.88,43.31,43.49,986600,VCB
2021-08-13,43.49,43.49,42.79,43.36,1328900,VCB
2021-08-16,43.36,43.79,43.1,43.79,1992400,VCB
2021-08-17,44.62,44.84,43.97,43.97,1688700,VCB
2021-08-18,43.97,44.62,43.4,43.97,1848000,VCB
2021-08-19,43.84,44.84,43.44,44.75,2576600,VCB
2021-08-20,44.05,44.36,43.27,43.58,1798500,VCB
2021-08-23,43.1,43.53,42.05,42.36,2136200,VCB
2021-08-24,43.18,43.18,42.01,42.23,1069100,VCB
2021-08-25,42.23,43.1,42.14,42.44,1069200,VCB
2021-08-26,42.57,43.1,42.14,42.14,1076900,VCB
2021-08-27,41.79,42.88,41.79,42.57,1106600,VCB
2021-08-30,42.84,43.27,42.57,43.23,1221700,VCB
2021-08-31,43.31,43.49,42.79,43.27,747500,VCB
2021-09-01,43.27,43.49,41.79,43.27,907500,VCB
2021-09-06,43.27,43.58,43.27,43.53,905000,VCB
2021-09-07,43.49,43.88,43.44,43.53,1041800,VCB
2021-09-08,43.53,43.58,42.14,43.4,863000,VCB
2021-09-09,43.4,43.58,42.92,43.23,817200,VCB
2021-09-10,43.44,43.44,42.92,43.18,857800,VCB
2021-09-13,43.01,43.1,42.7,42.7,1043100,VCB
2021-09-14,42.7,42.88,42.23,42.79,1230500,VCB
2021-09-15,42.79,42.79,42.27,42.27,798500,VCB
2021-09-16,43.05,43.05,42.44,42.7,570400,VCB
2021-09-17,42.44,42.84,42.31,42.31,1002200,VCB
2021-09-20,42.36,43.97,42.36,43.36,1277900,VCB
2021-09-21,43.31,43.44,42.66,42.66,862000,VCB
2021-09-22,42.84,43.31,42.66,43.31,362800,VCB
2021-09-23,43.36,43.71,42.88,43.31,676000,VCB
2021-09-24,43.31,43.44,43.23,43.31,454700,VCB
2021-09-27,43.31,43.4,42.66,42.66,465500,VCB
2021-09-28,42.57,43.23,42.44,43.18,484500,VCB
2021-09-29,43.31,43.31,42.44,42.88,565000,VCB
2021-09-30,42.88,42.92,42.27,42.31,1199900,VCB
2021-10-01,42.36,42.75,41.7,41.75,1611900,VCB
2021-10-04,41.79,42.01,41.09,41.18,913400,VCB
2021-10-05,41.4,41.83,41.4,41.62,973700,VCB
2021-10-06,41.62,41.62,41.27,41.62,691200,VCB
2021-10-07,41.62,42.14,41.36,42.14,797200,VCB
2021-10-08,42.05,42.23,41.62,42.23,697000,VCB
2021-10-11,42.23,42.84,42.14,42.44,1096000,VCB
2021-10-12,42.79,42.79,42.23,42.23,761100,VCB
2021-10-13,42.62,42.66,42.23,42.23,1426300,VCB
2021-10-14,42.23,42.31,41.75,42.1,1784700,VCB
2021-10-15,42.14,42.36,42.01,42.01,731500,VCB
2021-10-18,41.92,42.23,41.36,41.79,1247900,VCB
2021-10-19,41.83,42.01,41.44,41.96,836300,VCB
2021-10-20,41.96,42.1,40.92,41.36,1561000,VCB
2021-10-21,41.53,41.79,40.92,40.92,1226100,VCB
2021-10-22,41.36,41.36,40.92,41.05,240000,VCB
2021-10-25,41.75,41.75,40.96,40.96,800600,VCB
2021-10-26,40.96,41.18,40.75,40.92,632000,VCB
2021-10-27,41.18,42.01,41.05,41.83,1428600,VCB
2021-10-28,42.05,42.62,41.83,42.62,1772600,VCB
2021-10-29,42.36,42.84,42.18,42.66,1263800,VCB
2021-11-01,42.7,42.75,42.23,42.23,1057500,VCB
2021-11-02,42.4,42.66,42.36,42.62,808300,VCB
2021-11-03,42.53,43.01,42.36,42.97,1830000,VCB
2021-11-04,42.97,43.01,42.31,42.84,989400,VCB
2021-11-05,42.44,43.1,42.23,42.44,1126300,VCB
2021-11-08,42.7,42.84,42.44,42.75,1184200,VCB
2021-11-09,42.66,42.92,42.23,42.27,1377600,VCB
2021-11-10,42.27,42.75,42.14,42.49,857100,VCB
2021-11-11,42.57,43.23,42.23,42.79,1115600,VCB
2021-11-12,42.79,42.79,42.44,42.75,614800,VCB
2021-11-15,42.79,43.1,42.31,42.53,766700,VCB
2021-11-16,42.53,42.88,42.23,42.31,706300,VCB
2021-11-17,42.31,42.7,42.31,42.66,788300,VCB
2021-11-18,42.79,42.79,42.23,42.23,709700,VCB
2021-11-19,42.31,42.62,42.27,42.27,413000,VCB
2021-11-22,42.36,43.05,42.27,43.01,1017300,VCB
2021-11-23,43.1,43.14,42.75,43.14,549200,VCB
2021-11-24,43.18,45.97,43.18,45.62,1883300,VCB
2021-11-25,45.71,47.01,45.53,46.62,1473200,VCB
2021-11-26,46.45,47.1,45.27,45.71,879600,VCB
2021-11-29,44.97,45.66,43.97,44.01,851000,VCB
2021-11-30,45.27,45.27,43.05,43.05,1336500,VCB
2021-12-01,43.27,44.18,42.79,43.1,551500,VCB
2021-12-02,43.66,43.88,43.01,43.14,787700,VCB
2021-12-03,43.18,43.88,42.44,42.66,795900,VCB
2021-12-06,42.66,43.53,41.53,41.53,1008600,VCB
2021-12-07,41.83,43.27,41.83,42.75,820000,VCB
2021-12-08,42.66,43.27,42.66,42.97,507500,VCB
2021-12-09,42.4,43.27,42.36,43.18,805400,VCB
2021-12-10,43.97,44.75,43.49,43.53,1881200,VCB
2021-12-13,44.4,44.4,43.18,43.36,1038000,VCB
2021-12-14,43.36,43.75,43.14,43.23,862300,VCB
2021-12-15,43.31,43.84,43.1,43.49,732300,VCB
2021-12-16,43.88,43.88,42.7,43.14,1047100,VCB
2021-12-17,43.53,43.53,42.01,42.01,3475700,VCB
2021-12-20,42.88,43.31,42.7,43.31,736900,VCB
2021-12-21,43.1,43.44,42.88,43.05,774100,VCB
2021-12-22,43.3,43.74,43.07,43.24,1915300,VCB
2021-12-23,43.58,44.36,43.01,43.01,1489000,VCB
2021-12-24,43.18,44.14,43.18,44.14,849400,VCB
2021-12-27,44.36,45.15,43.8,44.87,934100,VCB
2021-12-28,44.98,45.54,43.86,44.98,1168800,VCB
2021-12-29,44.7,44.87,44.48,44.7,440000,VCB
2021-12-30,44.87,44.93,43.69,44.08,920300,VCB
2021-12-31,44.42,44.53,44.08,44.31,422000,VCB
2021-12-31,44.42,44.53,44.08,44.31,422000,VCB
2022-01-04,44.42,44.64,43.86,44.42,1133800,VCB
2022-01-05,44.42,45.21,43.86,43.86,1603100,VCB
2022-01-06,44.2,44.93,43.8,44.48,1215600,VCB
2022-01-07,44.76,44.93,43.97,44.87,966200,VCB
2022-01-10,44.81,44.93,44.14,44.7,1097000,VCB
2022-01-11,44.98,44.98,44.14,44.64,952700,VCB
2022-01-12,44.64,44.98,43.86,44.98,1801500,VCB
2022-01-13,45.26,47.46,45.1,46.05,2532800,VCB
2022-01-14,46.05,46.89,45.54,46.89,1522100,VCB
2022-01-17,46.67,49.48,46.28,48.47,2628500,VCB
2022-01-18,48.08,49.26,47.23,49.26,1696600,VCB
2022-01-19,49.2,49.2,47.79,48.81,914800,VCB
2022-01-20,47.91,49.2,46.72,48.98,2794300,VCB
2022-01-21,48.86,50.6,48.41,50.16,2502300,VCB
2022-01-24,50.27,52.57,49.59,52.29,2728300,VCB
2022-01-25,52.01,53.98,50.04,53.87,2396600,VCB
2022-01-26,53.87,53.87,52.07,53.14,2523500,VCB
2022-01-27,52.29,53.14,50.83,51.17,1732900,VCB
2022-01-28,51.17,51.73,50.04,50.04,2055700,VCB
2022-02-07,50.94,52.24,50.32,51.96,1620800,VCB
2022-02-08,51.96,51.96,50.66,51.73,1146400,VCB
2022-02-09,51.28,51.67,50.77,51.06,1582900,VCB
2022-02-10,51.22,52.52,51.17,51.34,1827200,VCB
2022-02-11,51.34,51.5,50.6,50.6,1158400,VCB
2022-02-14,49.54,49.93,48.36,48.36,3629100,VCB
2022-02-15,48.36,49.65,47.12,48.92,2453500,VCB
2022-02-16,49.2,49.42,48.58,48.92,1286000,VCB
2022-02-17,48.92,49.31,48.81,49.2,1431200,VCB
2022-02-18,48.58,49.2,48.58,49.03,1066200,VCB
2022-02-21,48.69,49.26,48.69,49.14,1017900,VCB
2022-02-22,48.92,48.92,47.79,48.81,1540200,VCB
2022-02-23,48.92,48.92,48.24,48.86,986300,VCB
2022-02-24,48.75,48.81,47.79,47.96,2078700,VCB
2022-02-25,47.96,48.3,47.79,47.85,1616500,VCB
2022-02-28,47.85,47.85,47.46,47.51,1322100,VCB
2022-03-01,47.51,48.02,47.29,47.79,1295400,VCB
2022-03-02,48.13,48.13,47.34,47.79,1655600,VCB
2022-03-03,47.79,48.08,47.62,48.08,1052200,VCB
2022-03-04,47.91,48.08,47.68,47.74,1058100,VCB
2022-03-07,47.4,47.74,47.18,47.74,1002800,VCB
2022-03-08,47.12,47.51,45.83,45.83,2936300,VCB
2022-03-09,45.99,46.72,45.94,46.67,1325300,VCB
2022-03-10,46.67,47.06,46.61,46.95,1154100,VCB
2022-03-11,47.06,47.18,46.67,47.12,876100,VCB
2022-03-14,46.84,47.34,46.78,47.34,1438200,VCB
2022-03-15,47.23,47.29,45.54,45.6,2385900,VCB
2022-03-16,45.71,46.78,45.71,46.39,1000600,VCB
2022-03-17,46.67,46.95,46.5,46.67,1222400,VCB
2022-03-18,46.72,47.91,46.61,47.34,1406600,VCB
2022-03-21,47.34,48.08,47.23,47.74,933900,VCB
2022-03-22,47.74,48.08,47.74,47.74,775100,VCB
2022-03-23,47.74,48.13,47.74,47.74,966600,VCB
2022-03-24,47.74,47.74,46.95,46.95,570200,VCB
2022-03-25,47.23,47.23,46.11,46.39,1137800,VCB
2022-03-28,46.67,46.67,46.11,46.33,725400,VCB
2022-03-29,46.33,46.67,45.88,46.05,1018600,VCB
2022-03-30,45.99,46.95,45.83,46.11,913900,VCB
2022-03-31,46.11,46.44,46.11,46.16,492400,VCB
2022-04-01,46.16,47.01,45.6,46.56,900300,VCB
2022-04-04,46.78,47.29,46.44,46.44,712000,VCB
2022-04-05,46.56,46.78,46.44,46.67,526100,VCB
2022-04-06,46.61,47.79,45.94,47.57,2009600,VCB
2022-04-07,47.74,47.91,46.67,46.67,928000,VCB
2022-04-08,47.18,47.18,46.61,46.67,788200,VCB
2022-04-12,46.67,46.78,45.88,46.33,841300,VCB
2022-04-13,46.67,46.72,46.11,46.33,850700,VCB
2022-04-14,46.33,46.61,45.54,45.54,1151400,VCB
2022-04-15,45.66,45.83,45.1,45.1,894800,VCB
2022-04-18,44.98,45.1,43.63,43.69,1237300,VCB
2022-04-19,43.74,44.14,43.63,43.69,1003400,VCB
2022-04-20,43.86,44.36,43.69,44.08,904600,VCB
2022-04-21,44.08,44.53,43.97,44.08,2178200,VCB
2022-04-22,44.48,46.44,44.48,46.22,2776600,VCB
2022-04-25,46.22,46.67,43.3,45.99,2479400,VCB
2022-04-26,44.42,45.26,44.42,45.26,1912000,VCB
2022-04-27,44.93,46.11,43.97,45.83,1429800,VCB
2022-04-28,45.83,45.88,44.7,45.83,564100,VCB
2022-04-29,45.77,46.28,44.98,45.49,1259200,VCB
2022-05-04,45.49,45.54,44.42,44.93,892600,VCB
2022-05-05,45.26,45.83,44.76,45.54,1019300,VCB
2022-05-06,44.81,45.66,44.64,44.64,775900,VCB
2022-05-09,44.31,45.21,43.74,43.8,1674200,VCB
2022-05-10,43.35,44.98,43.35,44.98,926000,VCB
2022-05-11,44.98,45.15,44.42,44.98,931300,VCB
2022-05-12,44.42,44.93,43.3,43.3,972300,VCB
2022-05-13,43.3,43.86,41.05,41.05,1963600,VCB
2022-05-16,42.45,42.96,41.61,41.72,1558800,VCB
2022-05-17,41.72,43.3,41.1,42.73,2262300,VCB
2022-05-18,43.3,43.3,42.17,42.4,881000,VCB
2022-05-19,42.17,43.13,42.06,42.73,575800,VCB
2022-05-20,42.23,43.01,42.17,42.34,661800,VCB
2022-05-23,42.51,42.51,41.38,41.83,631600,VCB
2022-05-24,42.12,42.56,41.78,42.51,898700,VCB
2022-05-25,42.73,43.3,42.06,43.3,817000,VCB
2022-05-26,43.3,43.35,42.73,43.13,978900,VCB
2022-05-27,43.13,43.52,42.9,43.52,892000,VCB
2022-05-30,43.52,45.54,42.96,43.86,1327400,VCB
2022-05-31,44.36,44.36,43.86,44.36,483700,VCB
2022-06-01,44.42,45.26,44.42,45.26,798800,VCB
2022-06-02,45.43,45.43,44.42,44.42,641400,VCB
2022-06-03,44.08,44.7,42.96,43.58,527800,VCB
2022-06-06,43.58,44.98,42.23,44.81,880500,VCB
2022-06-07,44.42,46.11,43.91,45.54,933000,VCB
2022-06-08,45.54,45.54,44.31,44.53,1164700,VCB
2022-06-09,44.42,44.93,43.69,43.74,1067500,VCB
2022-06-10,43.74,44.42,43.52,43.69,390900,VCB
2022-06-13,43.3,43.3,41.66,42.96,1105800,VCB
2022-06-14,42.45,43.91,41.61,43.3,1066200,VCB
2022-06-15,43.52,44.03,42.34,43.01,1243600,VCB
2022-06-16,43.13,44.98,43.01,44.48,1209600,VCB
2022-06-17,43.3,44.03,42.79,42.79,1050600,VCB
2022-06-20,44.7,44.7,42.34,42.73,1089700,VCB
2022-06-21,42.73,43.69,42.28,43.69,937100,VCB
2022-06-22,43.8,43.86,42.17,42.73,1069200,VCB
2022-06-23,42.23,43.13,42.12,42.68,590200,VCB
2022-06-24,42.85,42.9,41.95,42.17,648600,VCB
2022-06-27,42.45,42.73,42.06,42.12,862500,VCB
2022-06-28,42.17,43.3,42.06,42.9,1095800,VCB
2022-06-29,42.62,42.68,42.34,42.45,847500,VCB
2022-06-30,42.45,42.73,42.06,42.06,678400,VCB
2022-07-01,41.89,42.17,40.99,41.61,1383000,VCB
2022-07-04,42.12,42.28,41.55,41.66,746200,VCB
2022-07-05,42.12,42.12,41.38,41.61,1064500,VCB
2022-07-06,41.44,41.55,38.74,40.93,1548200,VCB
2022-07-07,40.88,42.45,40.32,42.45,1258400,VCB
2022-07-08,42.12,42.17,41.55,41.61,761000,VCB
2022-07-11,41.22,41.33,40.48,40.48,660800,VCB
2022-07-12,40.54,40.82,40.32,40.43,811500,VCB
2022-07-13,40.37,41.27,40.15,40.37,1379900,VCB
2022-07-14,40.37,40.93,40.26,40.71,329400,VCB
2022-07-15,40.54,41.33,40.54,40.65,597500,VCB
2022-07-18,40.76,40.99,40.48,40.48,391400,VCB
2022-07-19,40.48,40.54,39.98,40.09,812100,VCB
2022-07-20,40.26,40.76,40.26,40.76,544900,VCB
2022-07-21,40.76,40.99,40.54,40.76,1164600,VCB
2022-07-22,40.54,40.88,40.48,40.76,1009600,VCB
2022-07-25,40.71,41.16,40.48,40.99,962700,VCB
2022-07-26,41.16,41.83,41.16,41.55,1119800,VCB
2022-07-27,41.61,42.17,41.44,42.17,1259900,VCB
2022-07-28,42.4,42.51,42.06,42.34,1164800,VCB
2022-07-29,42.4,42.45,42.0,42.0,1176000,VCB
2022-08-01,42.0,43.3,41.83,43.3,1577300,VCB
2022-08-02,43.3,44.53,42.73,44.36,1777800,VCB
2022-08-03,44.03,44.7,43.86,44.7,1005700,VCB
2022-08-04,44.7,46.39,44.64,46.39,2261100,VCB
2022-08-05,46.11,46.33,45.6,46.11,1395800,VCB
2022-08-08,46.11,46.39,46.05,46.11,915000,VCB
2022-08-09,46.11,46.11,44.93,45.43,1217900,VCB
2022-08-10,45.04,45.54,45.04,45.26,507500,VCB
2022-08-11,45.71,46.11,45.32,45.83,1171500,VCB
2022-08-12,45.83,46.05,45.49,45.88,1251800,VCB
2022-08-15,46.11,46.28,45.94,45.99,1259500,VCB
2022-08-16,46.11,46.11,45.6,45.83,687100,VCB
2022-08-17,45.66,45.94,45.66,45.83,764000,VCB
2022-08-18,45.71,46.11,45.66,45.83,1568600,VCB
2022-08-19,45.32,46.11,45.32,45.49,1148000,VCB
2022-08-22,45.04,45.83,44.98,44.98,525800,VCB
2022-08-23,44.98,45.71,44.93,45.1,648000,VCB
2022-08-24,45.66,46.61,45.15,46.11,1083700,VCB
2022-08-25,46.22,46.22,45.71,46.11,538800,VCB
2022-08-26,46.11,47.06,46.11,46.39,1559500,VCB
2022-08-29,45.77,46.39,45.49,46.39,951500,VCB
2022-08-30,46.39,48.36,46.39,48.36,2502800,VCB
2022-08-31,48.36,48.64,47.23,47.23,1055900,VCB
2022-09-05,47.23,47.4,46.39,46.44,1547800,VCB
2022-09-06,46.44,47.23,46.16,46.5,1027300,VCB
2022-09-07,46.11,46.39,44.87,44.98,2293300,VCB
2022-09-08,45.49,45.49,43.86,43.86,1074300,VCB
2022-09-09,44.14,44.59,43.97,44.31,1029200,VCB
2022-09-12,44.76,44.81,44.31,44.48,707393,VCB
2022-09-13,44.64,44.64,44.2,44.2,1191450,VCB
2022-09-14,43.41,44.7,43.3,44.03,1090341,VCB
2022-09-15,44.14,44.59,43.91,44.53,614855,VCB
2022-09-16,44.59,44.98,44.14,44.98,1520836,VCB
2022-09-19,44.42,45.1,43.86,44.31,939868,VCB
2022-09-20,44.31,44.98,44.2,44.53,523224,VCB
2022-09-21,44.59,44.76,43.8,44.36,500277,VCB
2022-09-22,43.69,44.2,43.58,43.86,1183870,VCB
2022-09-23,43.41,43.69,42.62,42.68,1035807,VCB
2022-09-26,42.23,43.3,41.66,42.17,1256770,VCB
2022-09-27,42.73,42.73,41.72,41.78,654279,VCB
2022-09-28,41.61,42.17,41.5,42.17,588760,VCB
2022-09-29,42.73,42.73,41.61,41.61,588618,VCB
2022-09-30,41.16,41.78,40.71,41.16,1263216,VCB
2022-10-03,41.33,41.5,39.53,39.7,895901,VCB
2022-10-04,39.36,40.43,39.08,40.09,1281903,VCB
2022-10-05,40.15,40.48,39.98,40.2,835756,VCB
2022-10-06,40.48,40.48,39.3,39.42,752134,VCB
2022-10-07,39.14,39.14,36.72,37.5,2114289,VCB
2022-10-10,37.39,38.07,36.04,36.6,1317571,VCB
2022-10-11,36.72,37.11,34.86,34.86,1162567,VCB
2022-10-12,35.42,36.72,34.97,35.99,1518177,VCB
2022-10-13,36.04,37.39,35.26,37.39,1597432,VCB
2022-10-14,38.52,38.52,37.84,38.29,1600459,VCB
2022-10-17,37.84,38.24,36.83,37.28,1241850,VCB
2022-10-18,38.24,38.24,37.84,38.07,885675,VCB
2022-10-19,38.18,38.24,37.84,38.18,627787,VCB
2022-10-20,38.18,39.36,37.73,38.91,1517785,VCB
2022-10-21,38.91,39.75,38.24,38.24,1284429,VCB
2022-10-24,39.08,39.08,37.0,38.24,670658,VCB
2022-10-25,37.11,39.7,37.11,39.3,1536394,VCB
2022-10-26,39.7,39.7,38.52,39.36,591925,VCB
2022-10-27,39.64,40.99,38.97,40.32,1299122,VCB
2022-10-28,40.76,41.89,40.26,40.26,1562170,VCB
2022-10-31,41.33,41.33,40.76,41.33,660625,VCB
2022-11-01,41.61,42.17,41.22,42.17,826630,VCB
2022-11-02,41.61,41.89,40.48,41.38,1255849,VCB
2022-11-03,40.48,41.27,40.48,41.05,727061,VCB
2022-11-04,40.2,40.76,38.74,40.37,1538569,VCB
2022-11-07,40.37,41.05,39.98,40.37,1232957,VCB
2022-11-08,40.48,42.17,40.26,40.82,1661225,VCB
2022-11-09,41.33,41.72,40.82,41.61,1215481,VCB
2022-11-10,41.55,41.55,40.26,40.93,959263,VCB
2022-11-11,41.05,42.45,41.05,42.45,1315047,VCB
2022-11-14,42.45,43.01,41.66,42.23,1537405,VCB
2022-11-15,41.83,42.96,40.54,42.17,1582693,VCB
2022-11-16,39.53,43.86,39.53,42.23,2350806,VCB
2022-11-17,42.79,43.07,42.45,43.01,1646478,VCB
2022-11-18,42.68,43.24,41.38,43.01,1565603,VCB
2022-11-21,43.01,43.01,42.17,42.17,1107753,VCB
2022-11-22,41.89,42.73,40.76,41.33,1936869,VCB
2022-11-23,41.05,41.33,40.71,41.33,794699,VCB
2022-11-24,41.33,41.61,40.76,41.05,1082309,VCB
2022-11-25,41.1,41.38,40.93,41.1,1675974,VCB
2022-11-28,41.89,43.3,41.5,43.13,1343149,VCB
2022-11-29,42.73,44.87,42.73,44.87,1709345,VCB
2022-11-30,45.15,45.54,43.3,45.54,1324673,VCB
2022-12-01,45.49,45.77,44.53,44.98,1180842,VCB
2022-12-02,44.93,47.79,44.59,47.79,1243982,VCB
2022-12-05,47.29,48.92,46.39,47.79,1668352,VCB
2022-12-06,47.79,47.91,44.98,44.98,1309556,VCB
2022-12-07,44.98,46.11,43.86,44.14,1456577,VCB
2022-12-08,44.42,45.54,43.3,43.3,2110951,VCB
2022-12-09,44.08,44.53,43.35,43.46,1684857,VCB
2022-12-12,44.31,45.26,43.52,43.52,2106780,VCB
2022-12-13,43.91,44.59,43.8,43.97,2233239,VCB
2022-12-14,44.81,44.81,44.14,44.31,1084310,VCB
2022-12-15,44.31,45.38,44.2,44.7,1251584,VCB
2022-12-16,44.7,46.61,44.36,44.81,3160071,VCB
2022-12-19,44.98,45.54,44.42,44.53,758323,VCB
2022-12-20,44.81,46.11,44.42,44.42,1425824,VCB
2022-12-21,45.77,45.77,44.25,44.25,962690,VCB
2022-12-22,44.7,45.6,44.59,44.59,1073857,VCB
2022-12-23,45.1,45.66,44.48,44.48,1080281,VCB
2022-12-26,44.53,45.43,44.36,44.36,1204231,VCB
2022-12-27,45.1,45.26,44.36,44.48,1059104,VCB
2022-12-28,45.21,46.11,44.7,44.98,1174140,VCB
2022-12-29,46.28,46.39,45.26,45.38,1238385,VCB
2022-12-30,46.61,46.72,44.98,44.98,1512532,VCB
2022-12-30,46.61,46.72,44.98,44.98,1512532,VCB
2023-01-03,45.1,46.44,45.1,46.44,1090345,VCB
2023-01-04,46.61,46.61,45.99,46.56,838779,VCB
2023-01-05,46.56,47.23,46.39,47.23,1080011,VCB
2023-01-06,47.23,47.68,47.18,47.23,1127163,VCB
2023-01-09,48.24,48.86,47.68,48.86,1668531,VCB
2023-01-10,48.47,50.55,48.47,49.09,2114849,VCB
2023-01-11,49.09,49.09,47.85,47.85,984111,VCB
2023-01-12,47.91,47.91,47.12,47.68,1879784,VCB
2023-01-13,47.91,48.64,47.91,48.24,822866,VCB
2023-01-16,48.36,49.76,48.36,49.09,737007,VCB
2023-01-17,49.76,50.27,49.09,50.27,645550,VCB
2023-01-18,50.6,51.17,50.27,50.6,836046,VCB
2023-01-19,50.32,53.98,49.2,52.29,1720442,VCB
2023-01-27,52.29,53.19,51.45,52.29,1554077,VCB
2023-01-30,51.79,52.01,50.49,50.55,1046115,VCB
2023-01-31,50.55,51.67,49.37,51.67,1449748,VCB
2023-02-01,51.73,52.01,50.1,50.1,1137519,VCB
2023-02-02,49.82,51.73,49.82,50.94,985306,VCB
2023-02-03,50.77,52.29,50.1,52.29,894615,VCB
2023-02-06,52.07,54.15,51.45,53.98,1154264,VCB
2023-02-07,53.58,53.7,51.73,51.73,1196748,VCB
2023-02-08,51.79,54.09,51.79,52.97,886576,VCB
2023-02-09,52.74,53.42,52.29,52.29,760552,VCB
2023-02-10,53.14,53.14,52.18,53.14,648708,VCB
2023-02-13,53.3,53.64,51.73,52.57,873881,VCB
2023-02-14,52.57,52.57,51.28,52.01,1143667,VCB
2023-02-15,52.01,52.97,51.28,52.29,899713,VCB
2023-02-16,52.29,52.85,51.84,51.96,777372,VCB
2023-02-17,52.29,52.46,51.73,52.29,919596,VCB
2023-02-20,52.29,53.14,52.29,52.74,1095988,VCB
2023-02-21,52.97,53.36,52.85,52.97,676960,VCB
2023-02-22,52.97,53.02,52.01,52.29,1026246,VCB
2023-02-23,52.29,52.85,51.28,52.46,1026332,VCB
2023-02-24,52.29,52.85,50.6,52.57,631786,VCB
2023-02-27,52.29,52.57,51.56,52.18,501731,VCB
2023-02-28,52.35,52.69,52.07,52.57,566115,VCB
2023-03-01,51.9,52.52,51.84,52.29,730121,VCB
2023-03-02,52.29,52.74,51.62,52.4,985271,VCB
2023-03-03,51.62,52.18,51.11,51.11,799049,VCB
2023-03-06,51.17,51.84,51.17,51.17,712399,VCB
2023-03-07,51.45,52.01,51.22,51.67,970761,VCB
2023-03-08,51.17,51.84,51.0,51.84,872316,VCB
2023-03-09,51.73,52.52,51.56,52.29,1098833,VCB
2023-03-10,51.84,52.01,51.45,51.79,708269,VCB
2023-03-13,51.73,51.73,51.06,51.45,759814,VCB
2023-03-14,51.17,51.28,50.89,51.17,864241,VCB
2023-03-15,51.5,51.73,51.22,51.39,808217,VCB
2023-03-16,51.17,51.73,50.32,51.17,806313,VCB
2023-03-17,51.17,51.22,50.04,50.04,2272490,VCB
2023-03-20,50.04,50.32,47.85,47.85,1035307,VCB
2023-03-21,48.02,50.55,48.02,48.64,1058061,VCB
2023-03-22,48.69,50.55,48.69,50.04,1056346,VCB
2023-03-23,49.93,51.0,49.09,51.0,850122,VCB
2023-03-24,51.17,51.17,49.99,50.04,630688,VCB
2023-03-27,50.04,51.17,49.48,51.17,730499,VCB
2023-03-28,51.06,52.24,50.66,51.62,846797,VCB
2023-03-29,52.01,52.01,50.89,51.9,423348,VCB
2023-03-30,51.9,52.4,51.73,52.12,411004,VCB
2023-03-31,52.18,52.4,50.89,51.39,951283,VCB
2023-04-03,51.56,52.24,51.28,52.18,737481,VCB
2023-04-04,52.18,52.24,51.5,51.73,270521,VCB
2023-04-05,51.9,51.9,51.22,51.79,336349,VCB
2023-04-06,51.45,51.79,51.28,51.28,376788,VCB
2023-04-07,51.17,51.22,50.32,50.6,747860,VCB
2023-04-10,50.6,50.6,50.04,50.04,639645,VCB
2023-04-11,50.04,50.6,49.59,49.59,752232,VCB
2023-04-12,49.65,49.82,49.48,49.65,518806,VCB
2023-04-13,49.65,49.76,49.37,49.59,491499,VCB
2023-04-14,49.65,50.1,49.59,49.71,415311,VCB
2023-04-17,49.71,49.76,49.37,49.71,489420,VCB
2023-04-18,49.65,49.82,49.2,49.48,695427,VCB
2023-04-19,49.54,49.87,49.48,49.76,417179,VCB
2023-04-20,49.93,49.93,49.48,49.65,258080,VCB
2023-04-21,49.48,49.54,49.14,49.2,357041,VCB
2023-04-24,49.48,49.76,48.92,49.42,506466,VCB
2023-04-25,49.59,49.76,49.2,49.65,546290,VCB
2023-04-26,49.48,50.32,49.42,50.27,710670,VCB
2023-04-27,49.87,50.89,49.71,50.6,581140,VCB
2023-04-28,50.6,50.89,49.93,50.89,705032,VCB
2023-05-04,50.6,50.6,49.76,49.76,496435,VCB
2023-05-05,49.76,50.55,49.59,50.49,226102,VCB
2023-05-08,50.6,52.4,50.49,52.29,1502235,VCB
2023-05-09,52.29,52.8,51.9,51.9,564410,VCB
2023-05-10,51.67,52.29,51.5,51.73,418041,VCB
2023-05-11,51.73,51.79,51.17,51.17,506319,VCB
2023-05-12,51.17,52.18,51.06,52.18,711269,VCB
2023-05-15,51.73,52.29,51.28,51.56,451483,VCB
2023-05-16,51.73,52.35,51.34,52.07,666940,VCB
2023-05-17,52.01,52.29,51.9,52.18,573251,VCB
2023-05-18,52.24,53.98,51.84,53.42,1680806,VCB
2023-05-19,53.14,53.36,52.07,52.97,440496,VCB
2023-05-22,52.29,52.8,51.84,52.35,623319,VCB
2023-05-23,52.29,52.63,51.79,52.18,569233,VCB
2023-05-24,52.18,52.18,51.67,52.07,342665,VCB
2023-05-25,52.07,52.85,51.39,52.4,607166,VCB
2023-05-26,52.4,52.57,51.73,51.73,284190,VCB
2023-05-29,51.73,53.42,51.73,52.35,591719,VCB
2023-05-30,52.35,53.3,51.96,53.14,565039,VCB
2023-05-31,52.8,52.91,52.35,52.85,380711,VCB
2023-06-01,53.19,53.19,52.4,52.8,646726,VCB
2023-06-02,52.8,53.42,52.46,53.36,739065,VCB
2023-06-05,53.53,55.5,53.53,55.1,1299964,VCB
2023-06-06,55.1,55.67,54.26,55.67,761266,VCB
2023-06-07,55.67,55.67,54.54,54.54,750797,VCB
2023-06-08,54.54,57.18,54.54,56.23,1341141,VCB
2023-06-09,56.23,57.35,55.67,56.51,821677,VCB
2023-06-12,56.17,57.07,55.16,56.79,436746,VCB
2023-06-13,56.23,57.92,56.06,57.63,840097,VCB
2023-06-14,57.58,58.48,57.07,57.69,842576,VCB
2023-06-15,57.63,58.31,57.13,58.2,913438,VCB
2023-06-16,58.59,59.83,58.03,59.04,1333946,VCB
2023-06-19,58.25,58.53,57.18,57.18,1141315,VCB
2023-06-20,56.85,56.85,56.12,56.17,1782749,VCB
2023-06-21,56.06,56.51,56.06,56.23,1188227,VCB
2023-06-22,57.35,57.35,56.17,56.45,717220,VCB
2023-06-23,56.45,56.45,55.95,56.17,706286,VCB
2023-06-26,55.72,56.73,55.72,56.23,807728,VCB
2023-06-27,56.23,56.79,56.06,56.23,686645,VCB
2023-06-28,56.23,57.46,56.12,56.85,822207,VCB
2023-06-29,57.24,57.92,56.85,57.3,642122,VCB
2023-06-30,56.85,57.24,56.23,56.23,557300,VCB
2023-07-03,56.23,56.68,56.12,56.23,490833,VCB
2023-07-04,56.62,57.3,56.17,56.23,683429,VCB
2023-07-05,56.79,57.63,56.4,57.35,954822,VCB
2023-07-06,57.41,57.46,56.51,56.62,1021691,VCB
2023-07-07,56.51,59.04,56.45,59.04,1066312,VCB
2023-07-10,58.98,58.98,57.52,57.75,916503,VCB
2023-07-11,57.24,59.04,57.24,57.92,888492,VCB
2023-07-12,57.75,58.76,57.75,58.48,743776,VCB
2023-07-13,59.04,59.04,58.31,58.98,929375,VCB
2023-07-14,58.98,59.04,58.48,59.04,798828,VCB
2023-07-17,59.04,59.04,58.59,58.93,792928,VCB
2023-07-18,58.98,59.04,58.65,58.65,590877,VCB
2023-07-19,58.81,60.22,58.81,59.88,927729,VCB
2023-07-20,59.32,59.83,58.25,59.04,772446,VCB
2023-07-21,59.04,59.04,58.48,59.04,664121,VCB
2023-07-24,59.1,59.26,58.76,58.81,809968,VCB
2023-07-25,60.03,61.43,59.97,60.9,2376800,VCB
2023-07-26,61.03,62.02,61.03,62.02,1149142,VCB
2023-07-27,62.22,62.22,61.43,61.56,959168,VCB
2023-07-28,61.56,61.76,60.96,61.76,1118204,VCB
2023-07-31,61.76,61.89,60.83,60.83,1469179,VCB
2023-08-01,60.83,61.63,60.56,60.56,1282915,VCB
2023-08-02,60.56,60.76,60.43,60.76,1056442,VCB
2023-08-03,60.76,60.76,60.1,60.17,838992,VCB
2023-08-04,60.23,60.5,59.83,59.83,1232691,VCB
2023-08-07,59.83,60.3,59.77,60.3,1112919,VCB
2023-08-08,60.3,60.56,59.83,60.23,825329,VCB
2023-08-09,60.23,60.36,59.83,59.9,592910,VCB
2023-08-10,60.1,60.1,58.77,58.77,1339101,VCB
2023-08-11,58.77,60.03,58.77,60.03,922105,VCB
2023-08-14,59.97,59.97,59.1,59.1,1472862,VCB
2023-08-15,59.77,59.77,58.77,59.04,1149381,VCB
2023-08-16,58.97,59.37,58.9,59.24,728443,VCB
2023-08-17,59.24,59.64,58.84,59.37,2145945,VCB
2023-08-18,59.64,59.97,59.1,59.44,2432095,VCB
2023-08-21,59.57,59.9,59.24,59.64,1711594,VCB
2023-08-22,59.44,59.57,58.31,58.7,1826735,VCB
2023-08-23,59.04,59.04,57.18,57.31,1756869,VCB
2023-08-24,57.31,58.57,57.11,57.78,904090,VCB
2023-08-25,57.24,57.78,57.11,57.24,1406166,VCB
2023-08-28,57.38,58.11,57.24,57.78,1379391,VCB
2023-08-29,57.78,58.77,57.71,58.7,1393114,VCB
2023-08-30,58.77,59.44,58.77,59.17,1351406,VCB
2023-08-31,59.17,59.5,58.64,59.17,1532410,VCB
2023-09-05,59.17,60.23,59.17,59.83,1943937,VCB
2023-09-06,59.9,59.9,59.57,59.9,2019306,VCB
2023-09-07,59.77,60.3,59.44,59.44,1767025,VCB
2023-09-08,59.44,59.44,59.17,59.44,1342875,VCB
2023-09-11,59.5,59.77,58.44,58.77,1651179,VCB
2023-09-12,59.1,59.77,59.04,59.7,1573590,VCB
2023-09-13,59.77,59.77,59.04,59.17,1583591,VCB
2023-09-14,59.1,59.44,58.51,59.17,1513444,VCB
2023-09-15,59.04,59.64,58.84,59.64,2148841,VCB
2023-09-18,59.44,59.57,58.64,58.97,721550,VCB
2023-09-19,58.97,59.24,57.11,58.51,1121369,VCB
2023-09-20,58.51,58.7,57.38,58.44,789315,VCB
2023-09-21,58.44,58.44,57.64,57.78,1070108,VCB
2023-09-22,57.38,59.44,57.11,59.3,2412619,VCB
2023-09-25,59.1,59.44,58.64,59.3,2212485,VCB
2023-09-26,59.24,59.37,57.71,57.78,1666399,VCB
2023-09-27,58.17,59.1,57.78,58.31,1207226,VCB
2023-09-28,57.91,58.64,57.51,58.44,1066237,VCB
2023-09-29,58.64,58.64,57.84,58.11,450190,VCB
2023-10-02,57.84,57.91,57.44,57.44,767433,VCB
2023-10-03,57.44,57.58,56.98,57.31,884115,VCB
2023-10-04,57.31,57.31,56.65,57.31,925262,VCB
2023-10-05,57.11,57.11,56.12,56.12,891392,VCB
2023-10-06,56.12,56.71,55.45,56.71,802652,VCB
2023-10-09,56.71,56.71,55.78,56.18,1097445,VCB
2023-10-10,56.18,57.24,56.18,57.18,735970,VCB
2023-10-11,57.24,57.44,56.91,57.44,720549,VCB
2023-10-12,57.71,57.71,56.78,57.11,715133,VCB
2023-10-13,57.11,57.51,56.78,57.51,663930,VCB
2023-10-16,56.85,57.51,56.85,57.18,333530,VCB
2023-10-17,57.18,57.44,56.78,57.04,364184,VCB
2023-10-18,56.78,57.11,56.45,57.04,1148543,VCB
2023-10-19,56.78,57.11,55.85,56.12,1364661,VCB
2023-10-20,55.45,56.65,54.92,56.31,940696,VCB
2023-10-23,56.12,56.12,54.79,56.12,967700,VCB
2023-10-24,56.12,57.44,55.72,57.11,995455,VCB
2023-10-25,56.51,56.98,56.18,56.98,660885,VCB
2023-10-26,56.45,57.11,55.45,56.12,1421717,VCB
2023-10-27,56.18,56.45,55.65,56.45,774937,VCB
2023-10-30,55.45,57.11,55.45,57.04,594248,VCB
2023-10-31,57.04,57.71,56.38,57.64,1347127,VCB
2023-11-01,57.64,58.31,57.18,58.31,1481233,VCB
2023-11-02,58.44,59.1,57.51,59.1,1060228,VCB
2023-11-03,59.1,59.37,58.51,59.04,1089983,VCB
2023-11-06,59.04,59.64,58.77,59.44,775907,VCB
2023-11-07,59.1,59.3,58.64,58.64,415337,VCB
2023-11-08,58.44,59.57,58.37,59.44,1273201,VCB
2023-11-09,59.44,59.44,58.37,58.37,1168331,VCB
2023-11-10,57.84,58.11,57.11,57.11,1353101,VCB
2023-11-13,57.11,57.18,56.71,56.78,938884,VCB
2023-11-14,57.11,57.44,56.71,57.11,988940,VCB
2023-11-15,57.44,58.24,57.44,58.24,4069328,VCB
2023-11-16,57.78,58.44,57.58,58.44,1285689,VCB
2023-11-17,58.31,58.37,56.78,56.85,1589317,VCB
2023-11-20,56.85,57.78,56.45,57.18,1099258,VCB
2023-11-21,57.18,57.58,56.98,57.51,1152379,VCB
2023-11-22,57.31,57.58,56.78,57.58,1013847,VCB
2023-11-23,57.58,57.64,56.78,56.78,648155,VCB
2023-11-24,56.78,57.11,56.45,57.11,735269,VCB
2023-11-27,57.11,57.11,56.51,56.98,443705,VCB
2023-11-28,56.78,57.04,56.31,56.98,780344,VCB
2023-11-29,56.71,57.04,56.51,56.51,734262,VCB
2023-11-30,56.51,56.71,56.25,56.25,928310,VCB
2023-12-01,56.38,56.45,55.85,56.45,715983,VCB
2023-12-04,56.71,57.24,56.31,57.11,889234,VCB
2023-12-05,57.11,57.18,56.31,56.71,994057,VCB
2023-12-06,56.65,57.11,56.45,57.04,639066,VCB
2023-12-07,56.91,57.11,56.45,56.58,993875,VCB
2023-12-08,56.58,56.78,56.45,56.45,1184278,VCB
2023-12-11,56.45,56.65,55.85,55.92,1401171,VCB
2023-12-12,56.25,56.25,55.78,55.92,1007855,VCB
2023-12-13,55.92,56.12,55.58,55.58,1154515,VCB
2023-12-14,55.78,56.12,55.78,56.05,841937,VCB
2023-12-15,55.78,56.05,54.59,54.59,2531751,VCB
2023-12-18,54.99,55.05,54.12,54.12,1805761,VCB
2023-12-19,54.12,54.12,53.19,53.92,1964252,VCB
2023-12-20,53.92,53.99,53.46,53.86,1873375,VCB
2023-12-21,53.79,53.79,53.33,53.72,2031463,VCB
2023-12-22,53.72,53.86,53.39,53.72,1581238,VCB
2023-12-25,53.72,54.32,53.59,54.32,1303639,VCB
2023-12-26,54.46,54.99,54.46,54.99,973002,VCB
2023-12-27,55.05,55.25,54.79,54.92,900989,VCB
2023-12-28,54.92,55.18,54.72,54.99,704577,VCB
2023-12-29,55.45,55.72,53.33,53.33,1623585,VCB
2024-01-02,55.05,55.52,54.59,55.45,1788420,VCB
2024-01-03,55.45,56.12,54.99,56.12,1374590,VCB
2024-01-04,56.12,57.24,55.78,57.04,2660779,VCB
2024-01-05,57.04,57.24,56.91,57.24,1181807,VCB
2024-01-08,57.31,57.64,57.31,57.64,1611721,VCB
2024-01-09,57.64,58.37,57.64,58.31,1928985,VCB
2024-01-10,58.31,59.44,57.91,59.44,1800328,VCB
2024-01-11,59.44,59.77,58.84,59.3,1491432,VCB
2024-01-12,58.51,59.44,58.04,58.9,1911967,VCB
2024-01-15,59.1,59.83,59.04,59.77,1916364,VCB
2024-01-16,59.1,59.83,59.04,59.77,1368816,VCB
2024-01-17,59.1,60.43,59.1,60.36,1581258,VCB
2024-01-18,60.36,60.56,59.77,60.5,1424696,VCB
2024-01-19,60.43,61.76,60.03,61.49,1477733,VCB
2024-01-22,62.09,62.09,61.1,61.1,1048242,VCB
2024-01-23,61.16,61.36,60.03,60.76,1259446,VCB
2024-01-24,60.83,61.1,60.36,60.5,746187,VCB
2024-01-25,60.5,60.83,60.23,60.43,505031,VCB
2024-01-26,60.83,61.1,60.7,61.1,953670,VCB
2024-01-29,60.96,61.1,60.36,60.56,732044,VCB
2024-01-30,60.56,60.56,59.83,60.43,889895,VCB
2024-01-31,60.17,60.17,58.77,58.77,947351,VCB
2024-02-01,58.44,59.9,58.44,59.64,598963,VCB
2024-02-02,59.17,60.1,59.17,59.97,734186,VCB
2024-02-05,59.9,60.17,59.37,59.77,1950335,VCB
2024-02-06,59.97,60.17,59.17,59.44,1353403,VCB
2024-02-07,59.77,60.3,59.3,59.77,1372449,VCB
2024-02-15,59.77,60.23,59.17,59.7,1047830,VCB
2024-02-16,59.7,59.9,59.44,59.5,735346,VCB
2024-02-19,59.7,60.1,59.3,59.9,1046679,VCB
2024-02-20,59.83,60.7,59.37,60.63,1405753,VCB
2024-02-21,60.9,60.9,60.1,60.56,1369259,VCB
2024-02-22,60.17,60.43,59.44,59.44,1224789,VCB
2024-02-23,59.44,60.7,59.04,59.04,1802815,VCB
2024-02-26,59.04,59.77,59.04,59.44,722488,VCB
2024-02-27,59.5,60.56,59.17,60.5,1608348,VCB
2024-02-28,60.43,64.68,60.03,64.68,4227766,VCB
2024-02-29,65.41,66.74,64.61,64.61,1902870,VCB
2024-03-01,65.21,65.21,63.02,64.61,2383117,VCB
2024-03-04,65.08,65.08,63.49,63.75,1643680,VCB
2024-03-05,64.15,64.15,63.22,63.42,1366903,VCB
2024-03-06,63.42,64.28,63.15,63.49,2072535,VCB
2024-03-07,63.69,64.68,63.42,63.62,2364334,VCB
2024-03-08,63.69,64.08,63.15,63.15,2231150,VCB
2024-03-11,63.15,63.75,62.49,62.49,1842420,VCB
2024-03-12,62.49,63.02,62.42,62.69,1108496,VCB
2024-03-13,63.02,64.08,62.62,63.75,3126592,VCB
2024-03-14,63.75,63.82,62.82,63.09,2322431,VCB
2024-03-15,63.09,63.09,62.36,62.42,2304560,VCB
2024-03-18,62.62,62.76,61.43,61.76,1843874,VCB
2024-03-19,61.43,62.09,61.43,61.43,870431,VCB
2024-03-20,61.43,62.49,61.43,61.89,899448,VCB
2024-03-21,62.42,63.42,62.42,63.22,1454765,VCB
2024-03-22,63.22,64.28,63.22,64.02,1846861,VCB
2024-03-25,63.09,64.35,62.49,63.55,1370504,VCB
2024-03-26,63.75,64.15,63.62,63.95,736873,VCB
2024-03-27,63.88,63.88,63.49,63.62,1047647,VCB
2024-03-28,63.88,64.02,63.49,63.55,1233566,VCB
2024-03-29,63.69,63.69,63.02,63.02,801942,VCB
2024-04-01,63.02,63.75,62.89,63.22,1222710,VCB
2024-04-02,63.15,63.22,62.36,62.76,970357,VCB
2024-04-03,62.69,62.96,62.29,62.29,1323149,VCB
2024-04-04,63.02,63.75,62.69,63.75,2024326,VCB
2024-04-05,62.96,63.49,62.56,63.02,780020,VCB
2024-04-08,63.02,63.29,62.56,63.02,865357,VCB
2024-04-09,63.09,63.35,62.56,62.62,688518,VCB
2024-04-10,62.62,62.82,62.49,62.76,738740,VCB
2024-04-11,62.42,62.82,62.09,62.42,778946,VCB
2024-04-12,62.76,63.42,62.29,62.82,846008,VCB
2024-04-15,62.82,64.08,61.1,61.1,1902194,VCB
2024-04-16,62.29,62.29,60.1,60.43,1860102,VCB
2024-04-17,60.56,61.16,59.44,60.1,1454446,VCB
2024-04-19,59.77,60.36,59.57,60.1,1326423,VCB
2024-04-22,60.1,60.7,59.9,60.17,999830,VCB
2024-04-23,60.17,60.56,59.24,59.83,1565162,VCB
2024-04-24,60.43,60.5,59.83,60.17,1926287,VCB
2024-04-25,60.17,61.69,60.1,60.43,1236861,VCB
2024-04-26,60.9,61.96,60.56,60.56,1699786,VCB
2024-05-02,61.16,61.43,60.5,61.03,933709,VCB
2024-05-03,61.36,62.02,60.96,61.43,1472206,VCB
2024-05-06,61.69,61.96,61.56,61.76,1148815,VCB
2024-05-07,62.02,62.49,61.69,61.69,1155689,VCB
2024-05-08,61.56,61.89,61.16,61.76,1247171,VCB
2024-05-09,61.69,62.02,61.3,61.43,607990,VCB
2024-05-10,61.56,61.56,60.9,61.1,824888,VCB
2024-05-13,61.16,61.36,60.1,60.43,1234518,VCB
2024-05-14,60.5,60.83,60.1,60.17,819950,VCB
2024-05-15,60.43,60.63,60.3,60.43,884744,VCB
2024-05-16,61.1,61.56,60.76,61.49,1715536,VCB
2024-05-17,61.49,61.49,60.9,60.96,1086438,VCB
2024-05-20,61.3,61.76,60.96,61.03,1045431,VCB
2024-05-21,61.03,61.1,60.23,60.5,1488654,VCB
2024-05-22,60.76,60.9,60.23,60.23,1349994,VCB
2024-05-23,60.23,60.76,60.1,60.43,1318403,VCB
2024-05-24,60.43,60.43,59.77,59.9,2243441,VCB
2024-05-27,60.03,60.17,59.57,59.9,1060054,VCB
2024-05-28,59.64,60.23,59.64,60.23,1351470,VCB
2024-05-29,60.3,60.43,59.64,59.64,1188182,VCB
2024-05-30,59.44,59.57,58.77,58.84,2358180,VCB
2024-05-31,58.9,59.1,57.91,57.91,3927010,VCB
2024-06-03,58.44,59.3,58.44,58.57,2111127,VCB
2024-06-04,59.04,59.24,58.64,58.9,1818442,VCB
2024-06-05,58.9,59.44,58.84,58.97,1886226,VCB
2024-06-06,59.04,59.57,58.97,59.1,1702865,VCB
2024-06-07,59.17,59.57,58.77,58.77,1131101,VCB
2024-06-10,59.04,59.24,58.37,58.44,2643949,VCB
2024-06-11,58.64,58.7,57.84,57.91,2256534,VCB
2024-06-12,58.04,59.24,57.78,58.9,2251490,VCB
2024-06-13,59.04,59.17,58.7,58.7,1603414,VCB
2024-06-14,58.77,59.17,58.11,58.11,2484887,VCB
2024-06-17,58.17,58.31,57.84,57.84,2295281,VCB
2024-06-18,58.11,58.77,57.84,57.84,1372946,VCB
2024-06-19,57.98,58.11,57.44,57.51,2176749,VCB
2024-06-20,57.51,57.51,56.85,57.11,2654038,VCB
2024-06-21,57.18,57.58,56.78,57.11,1809985,VCB
2024-06-24,57.11,58.04,56.78,56.78,2153682,VCB
2024-06-25,56.91,57.58,56.78,56.78,1567779,VCB
2024-06-26,57.04,57.31,56.58,56.58,1709970,VCB
2024-06-27,56.58,57.11,56.58,56.58,1425080,VCB
2024-06-28,57.11,57.11,56.45,56.58,1114085,VCB
2024-07-01,56.98,57.24,56.58,57.18,1180816,VCB
2024-07-02,57.58,58.97,57.24,58.57,2428337,VCB
2024-07-03,58.44,58.9,58.31,58.77,2252635,VCB
2024-07-04,58.84,59.57,58.44,58.44,3062719,VCB
2024-07-05,58.51,59.24,58.44,58.44,1849175,VCB
2024-07-08,58.44,58.9,57.91,57.91,1145562,VCB
2024-07-09,58.11,58.7,57.58,58.51,1551172,VCB
2024-07-10,58.64,59.24,58.44,58.84,1725458,VCB
2024-07-11,58.84,59.04,58.51,58.51,1446841,VCB
2024-07-12,58.57,58.84,58.17,58.17,1374637,VCB
2024-07-15,58.17,58.64,58.11,58.11,1174084,VCB
2024-07-16,58.17,58.84,58.17,58.37,1535446,VCB
2024-07-17,58.97,59.77,58.11,58.44,3365241,VCB
2024-07-18,58.64,58.97,58.37,58.44,1653687,VCB
2024-07-19,58.44,58.97,58.11,58.11,1325123,VCB
2024-07-22,58.11,58.64,57.98,58.24,1463116,VCB
2024-07-23,58.31,58.64,58.11,58.11,1412799,VCB
2024-07-24,58.04,58.51,58.04,58.11,1477891,VCB
2024-07-25,58.17,58.24,57.91,57.98,882334,VCB
2024-07-26,57.98,58.24,57.91,57.98,904427,VCB
2024-07-29,58.17,58.31,57.98,57.98,454233,VCB
2024-07-30,57.98,58.64,57.98,58.11,978889,VCB
2024-07-31,58.11,59.24,58.11,59.24,1865641,VCB
2024-08-01,59.3,60.7,59.24,60.23,4807705,VCB
2024-08-02,60.03,60.03,58.9,58.9,1512887,VCB
2024-08-05,58.77,58.77,57.71,57.71,3063084,VCB
2024-08-06,57.71,58.24,57.58,57.98,1654296,VCB
2024-08-07,58.04,58.24,57.78,58.24,714053,VCB
2024-08-08,58.24,58.24,57.91,57.98,962297,VCB
2024-08-09,58.04,58.64,58.04,58.24,1137871,VCB
2024-08-12,58.7,58.7,57.98,58.31,1061597,VCB
2024-08-13,58.17,59.44,58.17,59.44,1593947,VCB
2024-08-14,59.3,59.37,58.31,58.44,1494847,VCB
2024-08-15,58.44,58.97,58.17,58.17,922035,VCB
2024-08-16,58.44,59.04,58.44,58.51,1371799,VCB
2024-08-19,58.97,59.3,58.64,58.97,1656591,VCB
2024-08-20,59.04,60.3,59.04,60.3,3387268,VCB
2024-08-21,60.3,61.76,60.03,61.63,2751625,VCB
2024-08-22,61.69,61.89,61.16,61.36,1416616,VCB
2024-08-23,61.43,61.63,60.1,61.36,1078085,VCB
2024-08-26,61.16,61.49,60.83,61.1,1569224,VCB
2024-08-27,61.1,61.16,60.36,60.76,902760,VCB
2024-08-28,60.9,61.03,60.5,60.5,1032939,VCB
2024-08-29,60.43,61.36,60.43,60.76,1497431,VCB
2024-08-30,60.76,61.3,60.76,60.9,1671053,VCB
2024-09-04,60.5,60.5,59.97,60.43,1014236,VCB
2024-09-05,60.17,60.5,59.83,59.83,1185511,VCB
2024-09-06,59.9,60.3,59.64,59.9,785854,VCB
2024-09-09,59.83,59.9,59.24,59.9,703748,VCB
2024-09-10,59.83,59.9,59.1,59.1,1193581,VCB
2024-09-11,58.84,59.1,58.44,58.7,1029054,VCB
2024-09-12,58.77,59.83,58.7,59.44,1610394,VCB
2024-09-13,59.64,59.9,59.17,59.7,1625774,VCB
2024-09-16,59.5,59.77,58.97,59.04,728926,VCB
2024-09-17,59.1,60.1,58.84,60.1,971859,VCB
2024-09-18,60.17,61.03,59.57,60.43,1722387,VCB
2024-09-19,60.43,60.9,60.36,60.76,1346904,VCB
2024-09-20,60.96,61.1,60.17,60.17,2181722,VCB
2024-09-23,60.63,60.83,60.36,60.36,697895,VCB
2024-09-24,60.36,60.76,60.36,60.56,523790,VCB
2024-09-25,60.76,61.76,60.56,61.63,2604508,VCB
2024-09-26,61.69,62.29,61.43,61.43,1820054,VCB
2024-09-27,61.43,62.16,61.43,61.43,1073168,VCB
2024-09-30,61.43,61.43,61.1,61.1,1278350,VCB
2024-10-01,61.3,62.02,61.1,61.1,1725848,VCB
2024-10-02,61.3,61.56,60.96,61.56,1380621,VCB
2024-10-03,61.49,62.36,61.36,61.49,1700784,VCB
2024-10-04,61.43,61.63,61.3,61.3,860495,VCB
2024-10-07,61.3,61.43,60.96,61.1,611894,VCB
2024-10-08,61.1,61.1,60.43,60.76,1124515,VCB
2024-10-09,60.63,60.96,60.36,60.43,2176865,VCB
2024-10-10,61.3,61.76,60.56,61.03,1326569,VCB
2024-10-11,61.03,61.03,60.56,60.76,1084336,VCB
2024-10-14,61.23,61.23,60.63,60.7,931995,VCB
2024-10-15,60.63,61.16,60.63,60.7,1431969,VCB
2024-10-16,60.7,60.96,60.63,60.76,1293521,VCB
2024-10-17,61.1,61.3,60.9,61.23,1286287,VCB
2024-10-18,61.56,61.83,61.1,61.36,1164056,VCB
2024-10-21,61.43,61.96,61.1,61.1,1425147,VCB
2024-10-22,61.1,61.23,60.7,60.7,1260601,VCB
2024-10-23,60.56,60.96,60.56,60.76,750353,VCB
2024-10-24,61.23,61.3,60.7,60.9,756579,VCB
2024-10-25,61.16,61.3,60.9,60.96,997728,VCB
2024-10-28,60.76,61.3,60.76,61.1,1106555,VCB
2024-10-29,61.16,61.49,61.1,61.1,1298643,VCB
2024-10-30,61.1,61.36,60.83,60.9,627682,VCB
2024-10-31,60.76,63.09,60.76,62.16,2892451,VCB
2024-11-01,62.42,63.02,62.09,62.09,1732251,VCB
2024-11-04,62.42,63.29,61.36,61.43,1856395,VCB
2024-11-05,61.49,61.76,61.1,61.49,1084183,VCB
2024-11-06,61.63,62.02,61.63,61.69,1417991,VCB
2024-11-07,61.89,62.36,61.89,61.89,1420301,VCB
2024-11-08,62.09,62.36,61.23,61.23,1381249,VCB
2024-11-11,61.63,61.63,61.03,61.1,1874368,VCB
2024-11-12,61.1,61.89,61.03,61.03,1337197,VCB
2024-11-13,61.03,61.69,61.03,61.43,1332711,VCB
2024-11-14,61.1,61.43,61.03,61.1,1720202,VCB
2024-11-15,61.1,61.43,60.83,60.9,1509691,VCB
2024-11-18,60.9,61.3,60.36,60.43,1876350,VCB
2024-11-19,60.76,60.83,59.77,59.77,1577896,VCB
2024-11-20,59.77,60.56,59.7,59.97,1641687,VCB
2024-11-21,60.03,60.63,59.9,60.1,1461608,VCB
2024-11-22,60.43,60.63,60.17,60.17,1730814,VCB
2024-11-25,60.36,61.23,60.36,60.63,1814963,VCB
2024-11-26,60.7,61.69,60.7,61.36,1760827,VCB
2024-11-27,61.3,61.89,61.3,61.56,1048309,VCB
2024-11-28,61.83,62.09,61.43,61.49,1290948,VCB
2024-11-29,61.49,61.96,61.43,61.96,1011316,VCB
2024-12-02,63.02,63.15,62.36,62.56,1575332,VCB
2024-12-03,62.69,62.69,61.49,61.76,2447450,VCB
2024-12-04,61.63,62.36,61.43,62.09,1205482,VCB
2024-12-05,61.76,62.82,61.76,62.42,2334456,VCB
2024-12-06,62.42,63.29,62.36,62.56,1702183,VCB
2024-12-09,62.56,63.29,62.36,63.29,1958838,VCB
2024-12-10,63.29,63.29,62.76,62.76,914482,VCB
2024-12-11,62.76,62.96,61.89,61.96,1611488,VCB
2024-12-12,62.09,62.69,62.09,62.09,672349,VCB
2024-12-13,61.89,62.16,61.69,61.83,1228466,VCB
2024-12-16,61.76,61.89,61.69,61.83,1122982,VCB
2024-12-17,61.76,61.83,61.63,61.76,1049241,VCB
2024-12-18,61.76,61.96,61.76,61.83,531269,VCB
2024-12-19,61.63,61.63,61.23,61.36,1870599,VCB
2024-12-20,61.36,61.69,61.3,61.43,1246769,VCB
2024-12-23,61.49,61.63,61.36,61.36,707967,VCB
2024-12-24,61.56,61.63,61.1,61.16,1025356,VCB
2024-12-25,61.23,62.29,61.23,61.36,1829185,VCB
2024-12-26,61.43,61.63,61.1,61.16,2203884,VCB
2024-12-27,61.43,61.76,61.23,61.23,1640901,VCB
2024-12-30,61.23,61.43,61.1,61.1,1707785,VCB
2024-12-31,61.23,61.36,60.56,60.56,2375289,VCB
2024-10-25,61.16,61.3,60.9,60.96,997728,VCB
2024-10-28,60.76,61.3,60.76,61.1,1106555,VCB
2024-10-29,61.16,61.49,61.1,61.1,1298643,VCB
2024-10-30,61.1,61.36,60.83,60.9,627682,VCB
2024-10-31,60.76,63.09,60.76,62.16,2892451,VCB
2024-11-01,62.42,63.02,62.09,62.09,1732251,VCB
2024-11-04,62.42,63.29,61.36,61.43,1856395,VCB
2024-11-05,61.49,61.76,61.1,61.49,1084183,VCB
2024-11-06,61.63,62.02,61.63,61.69,1417991,VCB
2024-11-07,61.89,62.36,61.89,61.89,1420301,VCB
2024-11-08,62.09,62.36,61.23,61.23,1381249,VCB
2024-11-11,61.63,61.63,61.03,61.1,1874368,VCB
2024-11-12,61.1,61.89,61.03,61.03,1337197,VCB
2024-11-13,61.03,61.69,61.03,61.43,1332711,VCB
2024-11-14,61.1,61.43,61.03,61.1,1720202,VCB
2024-11-15,61.1,61.43,60.83,60.9,1509691,VCB
2024-11-18,60.9,61.3,60.36,60.43,1876350,VCB
2024-11-19,60.76,60.83,59.77,59.77,1577896,VCB
2024-11-20,59.77,60.56,59.7,59.97,1641687,VCB
2024-11-21,60.03,60.63,59.9,60.1,1461608,VCB
2024-11-22,60.43,60.63,60.17,60.17,1730814,VCB
2024-11-25,60.36,61.23,60.36,60.63,1814963,VCB
2024-11-26,60.7,61.69,60.7,61.36,1760827,VCB
2024-11-27,61.3,61.89,61.3,61.56,1048309,VCB
2024-11-28,61.83,62.09,61.43,61.49,1290948,VCB
2024-11-29,61.49,61.96,61.43,61.96,1011316,VCB
2024-12-02,63.02,63.15,62.36,62.56,1575332,VCB
2024-12-03,62.69,62.69,61.49,61.76,2447450,VCB
2024-12-04,61.63,62.36,61.43,62.09,1205482,VCB
2024-12-05,61.76,62.82,61.76,62.42,2334456,VCB
2024-12-06,62.42,63.29,62.36,62.56,1702183,VCB
2024-12-09,62.56,63.29,62.36,63.29,1958838,VCB
2024-12-10,63.29,63.29,62.76,62.76,914482,VCB
2024-12-11,62.76,62.96,61.89,61.96,1611488,VCB
2024-12-12,62.09,62.69,62.09,62.09,672349,VCB
2024-12-13,61.89,62.16,61.69,61.83,1228466,VCB
2024-12-16,61.76,61.89,61.69,61.83,1122982,VCB
2024-12-17,61.76,61.83,61.63,61.76,1049241,VCB
2024-12-18,61.76,61.96,61.76,61.83,531269,VCB
2024-12-19,61.63,61.63,61.23,61.36,1870599,VCB
2024-12-20,61.36,61.69,61.3,61.43,1246769,VCB
2024-12-23,61.49,61.63,61.36,61.36,707967,VCB
2024-12-24,61.56,61.63,61.1,61.16,1025356,VCB
2024-12-25,61.23,62.29,61.23,61.36,1829185,VCB
2024-12-26,61.43,61.63,61.1,61.16,2203884,VCB
2024-12-27,61.43,61.76,61.23,61.23,1640901,VCB
2024-12-30,61.23,61.43,61.1,61.1,1707785,VCB
2024-12-31,61.23,61.36,60.56,60.56,2375289,VCB
2025-01-02,60.83,61.43,60.76,61.03,1631368,VCB
2025-01-03,61.03,61.36,61.03,61.1,1403040,VCB
2025-01-06,61.1,62.02,61.03,61.69,1938268,VCB
2025-01-07,61.89,61.89,61.3,61.3,1253566,VCB
2025-01-08,61.3,61.36,60.76,61.36,1054219,VCB
2025-01-09,61.1,61.23,60.9,61.03,739048,VCB
2025-01-10,61.03,61.36,60.7,60.7,1113334,VCB
2025-01-13,60.63,61.03,60.5,61.03,938736,VCB
2025-01-14,61.03,61.03,60.56,60.9,678628,VCB
2025-01-15,61.03,61.03,60.7,60.7,446062,VCB
2025-01-16,61.03,61.89,60.96,61.56,2461599,VCB
2025-01-17,61.56,61.76,61.23,61.43,1124326,VCB
2025-01-20,61.3,61.43,60.83,60.9,1763550,VCB
2025-01-21,61.16,61.16,60.63,60.7,1266355,VCB
2025-01-22,61.1,61.1,60.56,60.56,979719,VCB
2025-01-23,60.63,61.69,60.63,61.43,1686458,VCB
2025-01-24,61.16,61.76,61.16,61.49,945437,VCB
2025-02-03,61.3,61.36,60.83,60.83,1436966,VCB
2025-02-04,61.16,61.23,60.9,61.1,855942,VCB
2025-02-05,61.1,61.63,61.1,61.49,1346904,VCB
2025-02-06,61.63,62.02,61.56,61.69,1352924,VCB
2025-02-07,61.69,61.89,61.43,61.76,2262521,VCB
2025-02-10,61.69,61.69,61.03,61.23,2299299,VCB
2025-02-11,61.23,61.3,60.9,61.03,1040604,VCB
2025-02-12,61.03,61.43,60.76,60.76,1057688,VCB
2025-02-13,61.03,61.03,60.7,60.83,863094,VCB
2025-02-14,61.23,61.23,60.76,60.83,948437,VCB
2025-02-17,60.76,61.1,60.76,60.83,788528,VCB
2025-02-18,60.83,61.1,60.7,60.83,1067903,VCB
2025-02-19,60.83,60.9,60.63,60.9,1510842,VCB
2025-02-20,61.23,61.3,60.9,60.9,1638352,VCB
2025-02-21,61.16,61.83,61.16,61.83,2515484,VCB
2025-02-24,61.96,62.09,61.56,62.09,1957924,VCB
2025-02-25,62.09,62.16,61.43,61.49,1928951,VCB
2025-02-26,61.49,61.69,61.23,61.3,771099,VCB
2025-02-27,63.02,63.35,62.42,62.42,5035025,VCB
2025-02-28,62.56,62.56,61.96,61.96,2073877,VCB
2025-03-03,62.09,62.09,61.76,61.96,1252949,VCB
2025-03-04,61.89,62.02,61.56,61.76,2501823,VCB
2025-03-05,61.76,62.29,61.76,61.76,1822854,VCB
2025-03-06,62.09,62.56,61.89,62.09,2359429,VCB
2025-03-07,62.16,63.29,62.09,63.15,4003619,VCB
2025-03-10,64.02,64.68,63.82,64.28,4434646,VCB
2025-03-11,63.75,64.28,63.49,64.28,3644714,VCB
2025-03-12,65.53,68.11,65.13,66.22,7581491,VCB
2025-03-13,66.72,66.72,64.73,65.03,4514555,VCB
2025-03-14,64.93,66.32,64.93,65.53,4929265,VCB
2025-03-17,65.53,66.82,65.53,66.82,4946897,VCB
2025-03-18,67.31,67.31,66.32,66.32,3663486,VCB
2025-03-19,66.72,66.72,66.02,66.02,3679899,VCB
2025-03-20,66.02,66.52,65.72,66.32,1693378,VCB
2025-03-21,66.52,66.52,65.53,65.53,1707373,VCB
2025-03-24,65.82,66.02,65.03,66.02,1983215,VCB
2025-03-25,66.02,66.12,65.72,65.72,2031082,VCB
2025-03-26,65.92,66.12,65.33,65.33,1511026,VCB
2025-03-27,65.33,65.43,65.03,65.03,905213,VCB
2025-03-28,65.03,65.23,64.33,64.33,1656783,VCB
2025-03-31,64.23,64.73,63.54,63.54,1775079,VCB
2025-04-01,64.23,64.83,63.54,64.04,1720587,VCB
2025-04-02,64.53,65.53,64.14,64.33,2334069,VCB
2025-04-03,63.54,63.94,59.87,59.87,9818714,VCB
2025-04-04,56.29,59.57,55.8,59.57,11892239,VCB
2025-04-08,59.37,59.37,55.4,55.4,7191341,VCB
2025-04-09,51.63,59.27,51.63,52.12,9007761,VCB
2025-04-10,55.7,55.7,55.7,55.7,175351,VCB
2025-04-11,59.37,59.47,57.58,59.37,8074134,VCB
2025-04-14,59.57,59.57,58.28,58.87,3624722,VCB
2025-04-15,58.67,60.46,57.88,59.57,5640640,VCB
2025-04-16,59.27,59.87,58.58,58.87,2632706,VCB
2025-04-17,58.87,58.87,57.68,57.68,3155687,VCB
2025-04-18,58.28,59.17,57.68,57.68,2169852,VCB
2025-04-21,58.08,58.48,57.68,57.78,1294415,VCB
2025-04-22,57.68,58.38,54.31,58.08,3860343,VCB
2025-04-23,58.97,58.97,57.58,57.58,1930757,VCB
2025-04-24,57.78,58.18,57.58,57.78,1864710,VCB
2025-04-25,57.78,58.58,57.09,57.09,3685216,VCB
2025-04-28,57.28,57.88,57.09,57.09,1657552,VCB
2025-04-29,57.28,58.08,56.89,56.89,2437717,VCB
2025-05-05,57.09,57.58,56.59,56.69,2105718,VCB
2025-05-06,56.89,57.58,56.59,56.59,2998281,VCB
2025-05-07,56.69,57.09,56.59,56.59,2419087,VCB
2025-05-08,56.99,57.28,56.49,56.69,3026860,VCB
2025-05-09,56.89,57.18,56.19,56.19,5848894,VCB
2025-05-12,56.59,56.89,55.8,56.19,6007242,VCB
2025-05-13,56.69,56.89,56.19,56.39,7406543,VCB
2025-05-14,56.79,58.38,56.79,58.28,8033608,VCB
2025-05-15,58.87,59.37,58.28,58.28,8083606,VCB
2025-05-16,58.38,58.58,57.09,57.09,8381977,VCB
2025-05-19,56.99,57.18,56.59,56.59,4795918,VCB
2025-05-20,56.59,56.99,56.39,56.69,3875082,VCB
2025-05-21,57.09,57.48,56.59,56.69,5168505,VCB
2025-05-22,56.69,56.99,56.49,56.49,3701203,VCB
2025-05-23,56.49,57.09,56.29,56.39,3554951,VCB
2025-05-26,56.49,56.59,55.6,56.59,4737429,VCB
2025-05-27,56.39,56.79,56.29,56.39,5557215,VCB
2025-05-28,56.69,57.18,56.39,56.39,4959537,VCB
2025-05-29,56.79,56.79,56.29,56.29,3911542,VCB
2025-05-30,56.39,56.49,55.99,55.99,3940554,VCB
2025-06-02,56.09,56.09,55.7,55.8,3232645,VCB
2025-06-03,56.29,56.49,55.99,56.39,3370416,VCB
2025-06-04,56.49,56.59,56.09,56.19,2695759,VCB
2025-06-05,56.29,56.39,55.9,55.9,2788584,VCB
2025-06-06,55.9,56.19,55.7,55.7,2536554,VCB
2025-06-09,55.8,55.99,55.5,55.5,2229030,VCB
2025-06-10,55.6,55.8,55.5,55.5,2235688,VCB
2025-06-11,55.8,55.8,55.3,55.3,2300663,VCB
2025-06-12,55.6,55.7,55.3,55.6,2566853,VCB
2025-06-13,55.5,56.69,55.2,55.8,5375563,VCB
2025-06-16,55.8,56.29,55.8,56.19,4344263,VCB
2025-06-17,56.49,57.09,56.39,56.79,5168205,VCB
2025-06-18,56.79,56.89,56.09,56.29,3428307,VCB
2025-06-19,56.29,56.59,56.09,56.19,2372564,VCB
2025-06-20,56.29,56.79,56.09,56.69,6892497,VCB
2025-06-23,56.29,56.49,56.09,56.19,2485826,VCB
2025-06-24,56.49,56.69,56.19,56.19,3513030,VCB
2025-06-25,56.39,56.49,56.19,56.19,2745087,VCB
2025-06-26,56.29,56.39,55.99,55.99,2847282,VCB
2025-06-27,56.19,56.89,55.99,56.29,4088599,VCB
2025-06-30,56.59,56.79,56.49,56.59,2959226,VCB
2025-07-01,56.79,58.38,56.69,57.78,10063516,VCB
2025-07-02,57.88,58.18,57.28,57.58,2921604,VCB
2025-07-03,57.68,58.38,57.28,57.48,7406255,VCB
2025-07-04,57.48,58.38,57.38,57.98,4856776,VCB
2025-07-07,58.08,58.48,57.78,58.18,8065549,VCB
2025-07-08,58.38,59.07,58.18,58.58,10404990,VCB
2025-07-09,58.97,61.36,58.97,61.06,16474683,VCB
2025-07-10,61.36,61.36,60.56,60.96,8166436,VCB
2025-07-11,61.06,62.65,61.06,62.25,12718706,VCB
2025-07-14,62.45,62.45,60.56,61.95,6488467,VCB
2025-07-15,61.95,62.15,60.96,60.96,6329827,VCB
2025-07-16,60.96,61.65,60.66,61.36,7612148,VCB
2025-07-17,61.36,62.25,61.36,61.75,10002629,VCB
2025-07-18,61.85,62.15,61.36,61.45,6924692,VCB
2025-07-21,61.75,62.25,60.86,60.86,6147587,VCB
2025-07-22,60.86,61.75,60.46,61.75,4912448,VCB
2025-07-23,62.05,62.15,61.36,61.65,5096822,VCB
2025-07-24,61.75,63.04,61.45,61.65,8723746,VCB
2025-07-25,61.65,62.05,61.45,61.55,4984788,VCB
2025-07-28,61.75,62.55,61.65,62.35,10496568,VCB
2025-07-29,62.74,62.74,60.56,60.56,10608513,VCB
2025-07-30,60.56,61.45,59.96,60.46,7282600,VCB
2025-07-31,61.06,61.26,59.67,59.77,6077831,VCB
2025-08-01,59.87,60.16,59.27,59.77,4763193,VCB
2025-08-04,59.67,60.96,59.57,60.66,4468217,VCB
2025-08-05,61.06,63.24,60.76,61.06,18607660,VCB
2025-08-06,61.65,62.35,61.45,61.85,4685719,VCB
2025-08-07,62.45,62.45,60.86,61.26,9509430,VCB
2025-08-08,61.75,62.84,61.16,61.45,10690824,VCB
2025-08-11,61.65,62.74,61.65,62.05,7276190,VCB
2025-08-12,62.35,64.33,62.25,62.55,12145378,VCB
2025-08-13,63.04,63.14,61.55,62.05,7530834,VCB
2025-08-14,63.24,65.82,62.84,64.73,19031114,VCB
2025-08-15,66.92,67.01,63.74,63.84,16686938,VCB
2025-08-18,64.33,65.13,63.54,64.04,8310087,VCB
2025-08-19,64.04,64.93,63.74,63.74,9202625,VCB
2025-08-20,64.04,64.14,61.75,62.55,10551682,VCB
2025-08-21,62.84,64.53,62.84,63.74,9648977,VCB
2025-08-22,63.54,66.72,63.24,64.14,18963941,VCB
2025-08-25,65.33,65.33,62.94,63.14,7761134,VCB
2025-08-26,63.14,64.53,62.45,64.14,7996194,VCB
2025-08-27,64.53,68.6,64.53,68.6,31104601,VCB
2025-08-28,69.0,70.09,68.2,68.5,8814793,VCB
2025-08-29,68.7,69.6,68.01,68.11,14710787,VCB
2025-09-03,68.31,68.31,66.52,66.52,14234980,VCB
2025-09-04,67.01,68.5,66.42,68.4,8952641,VCB
2025-09-05,69.0,69.1,67.01,67.01,11059084,VCB
2025-09-08,66.62,67.01,64.83,64.83,11267729,VCB
2025-09-09,65.03,65.72,64.04,64.43,6203308,VCB
2025-09-10,65.13,65.53,64.33,65.33,5013842,VCB
2025-09-11,65.13,65.53,63.74,65.23,6357770,VCB
2025-09-12,65.72,65.72,64.53,65.33,5700154,VCB
2025-09-15,65.53,65.53,65.03,65.33,5376095,VCB
2025-09-16,65.53,66.12,65.13,65.13,6774895,VCB
2025-09-17,65.03,65.33,64.33,64.33,5636500,VCB
2025-09-18,64.43,64.43,63.14,63.44,8795058,VCB
2025-09-19,63.74,64.04,62.55,62.55,6943361,VCB
2025-09-22,62.55,62.74,61.36,61.55,6074286,VCB
2025-09-23,61.95,62.65,61.75,61.75,3274863,VCB
2025-09-24,61.95,62.25,61.36,62.25,3884578,VCB
2025-09-25,62.84,62.94,62.25,62.55,3876042,VCB
2025-09-26,62.74,62.94,62.45,62.55,3987553,VCB
2025-09-29,62.45,62.45,61.95,62.15,2787923,VCB
2025-09-30,62.35,62.45,61.36,61.55,4111201,VCB
2025-10-01,62.25,62.25,61.55,61.95,3025888,VCB
2025-10-02,61.95,62.65,61.65,61.65,3664921,VCB
2025-10-03,62.0,62.0,61.4,61.7,2827042,VCB
2025-10-06,62.8,64.0,62.8,64.0,7469299,VCB
2025-10-07,64.1,64.1,63.3,63.7,4236587,VCB
2025-10-08,64.2,64.9,63.6,64.6,8121928,VCB
2025-10-09,64.5,65.2,63.8,63.8,5740726,VCB
2025-10-10,63.9,64.4,63.6,64.2,4992243,VCB
2025-10-13,63.4,63.8,62.8,63.1,8002194,VCB
2025-10-14,63.5,64.0,62.9,63.1,7019006,VCB
2025-10-15,63.1,63.4,62.5,62.5,5224622,VCB
2025-10-16,62.7,63.0,62.5,62.9,4639896,VCB
2025-10-17,62.9,62.9,61.8,61.9,5417355,VCB
2025-10-20,61.8,62.2,58.6,59.4,12127304,VCB
2025-10-21,59.7,60.7,59.3,59.3,8428085,VCB
2025-10-22,60.1,60.2,58.5,59.6,4682742,VCB
2025-10-23,58.9,60.3,58.9,59.8,4233162,VCB
2025-10-24,59.8,59.9,58.8,59.5,4379400,VCB
2025-10-27,60.0,60.0,59.2,59.2,2647739,VCB
